year,month,first,last,day.in.month
1971,1,1/1/1971,1/31/1971,31
1971,2,2/1/1971,2/28/1971,28
1971,3,3/1/1971,3/31/1971,31
1971,4,4/1/1971,4/30/1971,30
1971,5,5/1/1971,5/31/1971,31
1971,6,6/1/1971,6/30/1971,30
1971,7,7/1/1971,7/31/1971,31
1971,8,8/1/1971,8/31/1971,31
1971,9,9/1/1971,9/30/1971,30
1971,10,10/1/1971,10/31/1971,31
1971,11,11/1/1971,11/30/1971,30
1971,12,12/1/1971,12/31/1971,31
1972,1,1/1/1972,1/31/1972,31
1972,2,2/1/1972,2/29/1972,29
1972,3,3/1/1972,3/31/1972,31
1972,4,4/1/1972,4/30/1972,30
1972,5,5/1/1972,5/31/1972,31
1972,6,6/1/1972,6/30/1972,30
1972,7,7/1/1972,7/31/1972,31
1972,8,8/1/1972,8/31/1972,31
1972,9,9/1/1972,9/30/1972,30
1972,10,10/1/1972,10/31/1972,31
1972,11,11/1/1972,11/30/1972,30
1972,12,12/1/1972,12/31/1972,31
1973,1,1/1/1973,1/31/1973,31
1973,2,2/1/1973,2/28/1973,28
1973,3,3/1/1973,3/31/1973,31
1973,4,4/1/1973,4/30/1973,30
1973,5,5/1/1973,5/31/1973,31
1973,6,6/1/1973,6/30/1973,30
1973,7,7/1/1973,7/31/1973,31
1973,8,8/1/1973,8/31/1973,31
1973,9,9/1/1973,9/30/1973,30
1973,10,10/1/1973,10/31/1973,31
1973,11,11/1/1973,11/30/1973,30
1973,12,12/1/1973,12/31/1973,31
1974,1,1/1/1974,1/31/1974,31
1974,2,2/1/1974,2/28/1974,28
1974,3,3/1/1974,3/31/1974,31
1974,4,4/1/1974,4/30/1974,30
1974,5,5/1/1974,5/31/1974,31
1974,6,6/1/1974,6/30/1974,30
1974,7,7/1/1974,7/31/1974,31
1974,8,8/1/1974,8/31/1974,31
1974,9,9/1/1974,9/30/1974,30
1974,10,10/1/1974,10/31/1974,31
1974,11,11/1/1974,11/30/1974,30
1974,12,12/1/1974,12/31/1974,31
1975,1,1/1/1975,1/31/1975,31
1975,2,2/1/1975,2/28/1975,28
1975,3,3/1/1975,3/31/1975,31
1975,4,4/1/1975,4/30/1975,30
1975,5,5/1/1975,5/31/1975,31
1975,6,6/1/1975,6/30/1975,30
1975,7,7/1/1975,7/31/1975,31
1975,8,8/1/1975,8/31/1975,31
1975,9,9/1/1975,9/30/1975,30
1975,10,10/1/1975,10/31/1975,31
1975,11,11/1/1975,11/30/1975,30
1975,12,12/1/1975,12/31/1975,31
1976,1,1/1/1976,1/31/1976,31
1976,2,2/1/1976,2/29/1976,29
1976,3,3/1/1976,3/31/1976,31
1976,4,4/1/1976,4/30/1976,30
1976,5,5/1/1976,5/31/1976,31
1976,6,6/1/1976,6/30/1976,30
1976,7,7/1/1976,7/31/1976,31
1976,8,8/1/1976,8/31/1976,31
1976,9,9/1/1976,9/30/1976,30
1976,10,10/1/1976,10/31/1976,31
1976,11,11/1/1976,11/30/1976,30
1976,12,12/1/1976,12/31/1976,31
1977,1,1/1/1977,1/31/1977,31
1977,2,2/1/1977,2/28/1977,28
1977,3,3/1/1977,3/31/1977,31
1977,4,4/1/1977,4/30/1977,30
1977,5,5/1/1977,5/31/1977,31
1977,6,6/1/1977,6/30/1977,30
1977,7,7/1/1977,7/31/1977,31
1977,8,8/1/1977,8/31/1977,31
1977,9,9/1/1977,9/30/1977,30
1977,10,10/1/1977,10/31/1977,31
1977,11,11/1/1977,11/30/1977,30
1977,12,12/1/1977,12/31/1977,31
1978,1,1/1/1978,1/31/1978,31
1978,2,2/1/1978,2/28/1978,28
1978,3,3/1/1978,3/31/1978,31
1978,4,4/1/1978,4/30/1978,30
1978,5,5/1/1978,5/31/1978,31
1978,6,6/1/1978,6/30/1978,30
1978,7,7/1/1978,7/31/1978,31
1978,8,8/1/1978,8/31/1978,31
1978,9,9/1/1978,9/30/1978,30
1978,10,10/1/1978,10/31/1978,31
1978,11,11/1/1978,11/30/1978,30
1978,12,12/1/1978,12/31/1978,31
1979,1,1/1/1979,1/31/1979,31
1979,2,2/1/1979,2/28/1979,28
1979,3,3/1/1979,3/31/1979,31
1979,4,4/1/1979,4/30/1979,30
1979,5,5/1/1979,5/31/1979,31
1979,6,6/1/1979,6/30/1979,30
1979,7,7/1/1979,7/31/1979,31
1979,8,8/1/1979,8/31/1979,31
1979,9,9/1/1979,9/30/1979,30
1979,10,10/1/1979,10/31/1979,31
1979,11,11/1/1979,11/30/1979,30
1979,12,12/1/1979,12/31/1979,31
1980,1,1/1/1980,1/31/1980,31
1980,2,2/1/1980,2/29/1980,29
1980,3,3/1/1980,3/31/1980,31
1980,4,4/1/1980,4/30/1980,30
1980,5,5/1/1980,5/31/1980,31
1980,6,6/1/1980,6/30/1980,30
1980,7,7/1/1980,7/31/1980,31
1980,8,8/1/1980,8/31/1980,31
1980,9,9/1/1980,9/30/1980,30
1980,10,10/1/1980,10/31/1980,31
1980,11,11/1/1980,11/30/1980,30
1980,12,12/1/1980,12/31/1980,31
1981,1,1/1/1981,1/31/1981,31
1981,2,2/1/1981,2/28/1981,28
1981,3,3/1/1981,3/31/1981,31
1981,4,4/1/1981,4/30/1981,30
1981,5,5/1/1981,5/31/1981,31
1981,6,6/1/1981,6/30/1981,30
1981,7,7/1/1981,7/31/1981,31
1981,8,8/1/1981,8/31/1981,31
1981,9,9/1/1981,9/30/1981,30
1981,10,10/1/1981,10/31/1981,31
1981,11,11/1/1981,11/30/1981,30
1981,12,12/1/1981,12/31/1981,31
1982,1,1/1/1982,1/31/1982,31
1982,2,2/1/1982,2/28/1982,28
1982,3,3/1/1982,3/31/1982,31
1982,4,4/1/1982,4/30/1982,30
1982,5,5/1/1982,5/31/1982,31
1982,6,6/1/1982,6/30/1982,30
1982,7,7/1/1982,7/31/1982,31
1982,8,8/1/1982,8/31/1982,31
1982,9,9/1/1982,9/30/1982,30
1982,10,10/1/1982,10/31/1982,31
1982,11,11/1/1982,11/30/1982,30
1982,12,12/1/1982,12/31/1982,31
1983,1,1/1/1983,1/31/1983,31
1983,2,2/1/1983,2/28/1983,28
1983,3,3/1/1983,3/31/1983,31
1983,4,4/1/1983,4/30/1983,30
1983,5,5/1/1983,5/31/1983,31
1983,6,6/1/1983,6/30/1983,30
1983,7,7/1/1983,7/31/1983,31
1983,8,8/1/1983,8/31/1983,31
1983,9,9/1/1983,9/30/1983,30
1983,10,10/1/1983,10/31/1983,31
1983,11,11/1/1983,11/30/1983,30
1983,12,12/1/1983,12/31/1983,31
1984,1,1/1/1984,1/31/1984,31
1984,2,2/1/1984,2/29/1984,29
1984,3,3/1/1984,3/31/1984,31
1984,4,4/1/1984,4/30/1984,30
1984,5,5/1/1984,5/31/1984,31
1984,6,6/1/1984,6/30/1984,30
1984,7,7/1/1984,7/31/1984,31
1984,8,8/1/1984,8/31/1984,31
1984,9,9/1/1984,9/30/1984,30
1984,10,10/1/1984,10/31/1984,31
1984,11,11/1/1984,11/30/1984,30
1984,12,12/1/1984,12/31/1984,31
1985,1,1/1/1985,1/31/1985,31
1985,2,2/1/1985,2/28/1985,28
1985,3,3/1/1985,3/31/1985,31
1985,4,4/1/1985,4/30/1985,30
1985,5,5/1/1985,5/31/1985,31
1985,6,6/1/1985,6/30/1985,30
1985,7,7/1/1985,7/31/1985,31
1985,8,8/1/1985,8/31/1985,31
1985,9,9/1/1985,9/30/1985,30
1985,10,10/1/1985,10/31/1985,31
1985,11,11/1/1985,11/30/1985,30
1985,12,12/1/1985,12/31/1985,31
1986,1,1/1/1986,1/31/1986,31
1986,2,2/1/1986,2/28/1986,28
1986,3,3/1/1986,3/31/1986,31
1986,4,4/1/1986,4/30/1986,30
1986,5,5/1/1986,5/31/1986,31
1986,6,6/1/1986,6/30/1986,30
1986,7,7/1/1986,7/31/1986,31
1986,8,8/1/1986,8/31/1986,31
1986,9,9/1/1986,9/30/1986,30
1986,10,10/1/1986,10/31/1986,31
1986,11,11/1/1986,11/30/1986,30
1986,12,12/1/1986,12/31/1986,31
1987,1,1/1/1987,1/31/1987,31
1987,2,2/1/1987,2/28/1987,28
1987,3,3/1/1987,3/31/1987,31
1987,4,4/1/1987,4/30/1987,30
1987,5,5/1/1987,5/31/1987,31
1987,6,6/1/1987,6/30/1987,30
1987,7,7/1/1987,7/31/1987,31
1987,8,8/1/1987,8/31/1987,31
1987,9,9/1/1987,9/30/1987,30
1987,10,10/1/1987,10/31/1987,31
1987,11,11/1/1987,11/30/1987,30
1987,12,12/1/1987,12/31/1987,31
1988,1,1/1/1988,1/31/1988,31
1988,2,2/1/1988,2/29/1988,29
1988,3,3/1/1988,3/31/1988,31
1988,4,4/1/1988,4/30/1988,30
1988,5,5/1/1988,5/31/1988,31
1988,6,6/1/1988,6/30/1988,30
1988,7,7/1/1988,7/31/1988,31
1988,8,8/1/1988,8/31/1988,31
1988,9,9/1/1988,9/30/1988,30
1988,10,10/1/1988,10/31/1988,31
1988,11,11/1/1988,11/30/1988,30
1988,12,12/1/1988,12/31/1988,31
1989,1,1/1/1989,1/31/1989,31
1989,2,2/1/1989,2/28/1989,28
1989,3,3/1/1989,3/31/1989,31
1989,4,4/1/1989,4/30/1989,30
1989,5,5/1/1989,5/31/1989,31
1989,6,6/1/1989,6/30/1989,30
1989,7,7/1/1989,7/31/1989,31
1989,8,8/1/1989,8/31/1989,31
1989,9,9/1/1989,9/30/1989,30
1989,10,10/1/1989,10/31/1989,31
1989,11,11/1/1989,11/30/1989,30
1989,12,12/1/1989,12/31/1989,31
1990,1,1/1/1990,1/31/1990,31
1990,2,2/1/1990,2/28/1990,28
1990,3,3/1/1990,3/31/1990,31
1990,4,4/1/1990,4/30/1990,30
1990,5,5/1/1990,5/31/1990,31
1990,6,6/1/1990,6/30/1990,30
1990,7,7/1/1990,7/31/1990,31
1990,8,8/1/1990,8/31/1990,31
1990,9,9/1/1990,9/30/1990,30
1990,10,10/1/1990,10/31/1990,31
1990,11,11/1/1990,11/30/1990,30
1990,12,12/1/1990,12/31/1990,31
1991,1,1/1/1991,1/31/1991,31
1991,2,2/1/1991,2/28/1991,28
1991,3,3/1/1991,3/31/1991,31
1991,4,4/1/1991,4/30/1991,30
1991,5,5/1/1991,5/31/1991,31
1991,6,6/1/1991,6/30/1991,30
1991,7,7/1/1991,7/31/1991,31
1991,8,8/1/1991,8/31/1991,31
1991,9,9/1/1991,9/30/1991,30
1991,10,10/1/1991,10/31/1991,31
1991,11,11/1/1991,11/30/1991,30
1991,12,12/1/1991,12/31/1991,31
1992,1,1/1/1992,1/31/1992,31
1992,2,2/1/1992,2/29/1992,29
1992,3,3/1/1992,3/31/1992,31
1992,4,4/1/1992,4/30/1992,30
1992,5,5/1/1992,5/31/1992,31
1992,6,6/1/1992,6/30/1992,30
1992,7,7/1/1992,7/31/1992,31
1992,8,8/1/1992,8/31/1992,31
1992,9,9/1/1992,9/30/1992,30
1992,10,10/1/1992,10/31/1992,31
1992,11,11/1/1992,11/30/1992,30
1992,12,12/1/1992,12/31/1992,31
1993,1,1/1/1993,1/31/1993,31
1993,2,2/1/1993,2/28/1993,28
1993,3,3/1/1993,3/31/1993,31
1993,4,4/1/1993,4/30/1993,30
1993,5,5/1/1993,5/31/1993,31
1993,6,6/1/1993,6/30/1993,30
1993,7,7/1/1993,7/31/1993,31
1993,8,8/1/1993,8/31/1993,31
1993,9,9/1/1993,9/30/1993,30
1993,10,10/1/1993,10/31/1993,31
1993,11,11/1/1993,11/30/1993,30
1993,12,12/1/1993,12/31/1993,31
1994,1,1/1/1994,1/31/1994,31
1994,2,2/1/1994,2/28/1994,28
1994,3,3/1/1994,3/31/1994,31
1994,4,4/1/1994,4/30/1994,30
1994,5,5/1/1994,5/31/1994,31
1994,6,6/1/1994,6/30/1994,30
1994,7,7/1/1994,7/31/1994,31
1994,8,8/1/1994,8/31/1994,31
1994,9,9/1/1994,9/30/1994,30
1994,10,10/1/1994,10/31/1994,31
1994,11,11/1/1994,11/30/1994,30
1994,12,12/1/1994,12/31/1994,31
1995,1,1/1/1995,1/31/1995,31
1995,2,2/1/1995,2/28/1995,28
1995,3,3/1/1995,3/31/1995,31
1995,4,4/1/1995,4/30/1995,30
1995,5,5/1/1995,5/31/1995,31
1995,6,6/1/1995,6/30/1995,30
1995,7,7/1/1995,7/31/1995,31
1995,8,8/1/1995,8/31/1995,31
1995,9,9/1/1995,9/30/1995,30
1995,10,10/1/1995,10/31/1995,31
1995,11,11/1/1995,11/30/1995,30
1995,12,12/1/1995,12/31/1995,31
1996,1,1/1/1996,1/31/1996,31
1996,2,2/1/1996,2/29/1996,29
1996,3,3/1/1996,3/31/1996,31
1996,4,4/1/1996,4/30/1996,30
1996,5,5/1/1996,5/31/1996,31
1996,6,6/1/1996,6/30/1996,30
1996,7,7/1/1996,7/31/1996,31
1996,8,8/1/1996,8/31/1996,31
1996,9,9/1/1996,9/30/1996,30
1996,10,10/1/1996,10/31/1996,31
1996,11,11/1/1996,11/30/1996,30
1996,12,12/1/1996,12/31/1996,31
1997,1,1/1/1997,1/31/1997,31
1997,2,2/1/1997,2/28/1997,28
1997,3,3/1/1997,3/31/1997,31
1997,4,4/1/1997,4/30/1997,30
1997,5,5/1/1997,5/31/1997,31
1997,6,6/1/1997,6/30/1997,30
1997,7,7/1/1997,7/31/1997,31
1997,8,8/1/1997,8/31/1997,31
1997,9,9/1/1997,9/30/1997,30
1997,10,10/1/1997,10/31/1997,31
1997,11,11/1/1997,11/30/1997,30
1997,12,12/1/1997,12/31/1997,31
1998,1,1/1/1998,1/31/1998,31
1998,2,2/1/1998,2/28/1998,28
1998,3,3/1/1998,3/31/1998,31
1998,4,4/1/1998,4/30/1998,30
1998,5,5/1/1998,5/31/1998,31
1998,6,6/1/1998,6/30/1998,30
1998,7,7/1/1998,7/31/1998,31
1998,8,8/1/1998,8/31/1998,31
1998,9,9/1/1998,9/30/1998,30
1998,10,10/1/1998,10/31/1998,31
1998,11,11/1/1998,11/30/1998,30
1998,12,12/1/1998,12/31/1998,31
1999,1,1/1/1999,1/31/1999,31
1999,2,2/1/1999,2/28/1999,28
1999,3,3/1/1999,3/31/1999,31
1999,4,4/1/1999,4/30/1999,30
1999,5,5/1/1999,5/31/1999,31
1999,6,6/1/1999,6/30/1999,30
1999,7,7/1/1999,7/31/1999,31
1999,8,8/1/1999,8/31/1999,31
1999,9,9/1/1999,9/30/1999,30
1999,10,10/1/1999,10/31/1999,31
1999,11,11/1/1999,11/30/1999,30
1999,12,12/1/1999,12/31/1999,31
2000,1,1/1/2000,1/31/2000,31
2000,2,2/1/2000,2/29/2000,29
2000,3,3/1/2000,3/31/2000,31
2000,4,4/1/2000,4/30/2000,30
2000,5,5/1/2000,5/31/2000,31
2000,6,6/1/2000,6/30/2000,30
2000,7,7/1/2000,7/31/2000,31
2000,8,8/1/2000,8/31/2000,31
2000,9,9/1/2000,9/30/2000,30
2000,10,10/1/2000,10/31/2000,31
2000,11,11/1/2000,11/30/2000,30
2000,12,12/1/2000,12/31/2000,31
2001,1,1/1/2001,1/31/2001,31
2001,2,2/1/2001,2/28/2001,28
2001,3,3/1/2001,3/31/2001,31
2001,4,4/1/2001,4/30/2001,30
2001,5,5/1/2001,5/31/2001,31
2001,6,6/1/2001,6/30/2001,30
2001,7,7/1/2001,7/31/2001,31
2001,8,8/1/2001,8/31/2001,31
2001,9,9/1/2001,9/30/2001,30
2001,10,10/1/2001,10/31/2001,31
2001,11,11/1/2001,11/30/2001,30
2001,12,12/1/2001,12/31/2001,31
2002,1,1/1/2002,1/31/2002,31
2002,2,2/1/2002,2/28/2002,28
2002,3,3/1/2002,3/31/2002,31
2002,4,4/1/2002,4/30/2002,30
2002,5,5/1/2002,5/31/2002,31
2002,6,6/1/2002,6/30/2002,30
2002,7,7/1/2002,7/31/2002,31
2002,8,8/1/2002,8/31/2002,31
2002,9,9/1/2002,9/30/2002,30
2002,10,10/1/2002,10/31/2002,31
2002,11,11/1/2002,11/30/2002,30
2002,12,12/1/2002,12/31/2002,31
2003,1,1/1/2003,1/31/2003,31
2003,2,2/1/2003,2/28/2003,28
2003,3,3/1/2003,3/31/2003,31
2003,4,4/1/2003,4/30/2003,30
2003,5,5/1/2003,5/31/2003,31
2003,6,6/1/2003,6/30/2003,30
2003,7,7/1/2003,7/31/2003,31
2003,8,8/1/2003,8/31/2003,31
2003,9,9/1/2003,9/30/2003,30
2003,10,10/1/2003,10/31/2003,31
2003,11,11/1/2003,11/30/2003,30
2003,12,12/1/2003,12/31/2003,31
2004,1,1/1/2004,1/31/2004,31
2004,2,2/1/2004,2/29/2004,29
2004,3,3/1/2004,3/31/2004,31
2004,4,4/1/2004,4/30/2004,30
2004,5,5/1/2004,5/31/2004,31
2004,6,6/1/2004,6/30/2004,30
2004,7,7/1/2004,7/31/2004,31
2004,8,8/1/2004,8/31/2004,31
2004,9,9/1/2004,9/30/2004,30
2004,10,10/1/2004,10/31/2004,31
2004,11,11/1/2004,11/30/2004,30
2004,12,12/1/2004,12/31/2004,31
2005,1,1/1/2005,1/31/2005,31
2005,2,2/1/2005,2/28/2005,28
2005,3,3/1/2005,3/31/2005,31
2005,4,4/1/2005,4/30/2005,30
2005,5,5/1/2005,5/31/2005,31
2005,6,6/1/2005,6/30/2005,30
2005,7,7/1/2005,7/31/2005,31
2005,8,8/1/2005,8/31/2005,31
2005,9,9/1/2005,9/30/2005,30
2005,10,10/1/2005,10/31/2005,31
2005,11,11/1/2005,11/30/2005,30
2005,12,12/1/2005,12/31/2005,31
2006,1,1/1/2006,1/31/2006,31
2006,2,2/1/2006,2/28/2006,28
2006,3,3/1/2006,3/31/2006,31
2006,4,4/1/2006,4/30/2006,30
2006,5,5/1/2006,5/31/2006,31
2006,6,6/1/2006,6/30/2006,30
2006,7,7/1/2006,7/31/2006,31
2006,8,8/1/2006,8/31/2006,31
2006,9,9/1/2006,9/30/2006,30
2006,10,10/1/2006,10/31/2006,31
2006,11,11/1/2006,11/30/2006,30
2006,12,12/1/2006,12/31/2006,31
2007,1,1/1/2007,1/31/2007,31
2007,2,2/1/2007,2/28/2007,28
2007,3,3/1/2007,3/31/2007,31
2007,4,4/1/2007,4/30/2007,30
2007,5,5/1/2007,5/31/2007,31
2007,6,6/1/2007,6/30/2007,30
2007,7,7/1/2007,7/31/2007,31
2007,8,8/1/2007,8/31/2007,31
2007,9,9/1/2007,9/30/2007,30
2007,10,10/1/2007,10/31/2007,31
2007,11,11/1/2007,11/30/2007,30
2007,12,12/1/2007,12/31/2007,31
2008,1,1/1/2008,1/31/2008,31
2008,2,2/1/2008,2/29/2008,29
2008,3,3/1/2008,3/31/2008,31
2008,4,4/1/2008,4/30/2008,30
2008,5,5/1/2008,5/31/2008,31
2008,6,6/1/2008,6/30/2008,30
2008,7,7/1/2008,7/31/2008,31
2008,8,8/1/2008,8/31/2008,31
2008,9,9/1/2008,9/30/2008,30
2008,10,10/1/2008,10/31/2008,31
2008,11,11/1/2008,11/30/2008,30
2008,12,12/1/2008,12/31/2008,31
2009,1,1/1/2009,1/31/2009,31
2009,2,2/1/2009,2/28/2009,28
2009,3,3/1/2009,3/31/2009,31
2009,4,4/1/2009,4/30/2009,30
2009,5,5/1/2009,5/31/2009,31
2009,6,6/1/2009,6/30/2009,30
2009,7,7/1/2009,7/31/2009,31
2009,8,8/1/2009,8/31/2009,31
2009,9,9/1/2009,9/30/2009,30
2009,10,10/1/2009,10/31/2009,31
2009,11,11/1/2009,11/30/2009,30
2009,12,12/1/2009,12/31/2009,31
2010,1,1/1/2010,1/31/2010,31
2010,2,2/1/2010,2/28/2010,28
2010,3,3/1/2010,3/31/2010,31
2010,4,4/1/2010,4/30/2010,30
2010,5,5/1/2010,5/31/2010,31
2010,6,6/1/2010,6/30/2010,30
2010,7,7/1/2010,7/31/2010,31
2010,8,8/1/2010,8/31/2010,31
2010,9,9/1/2010,9/30/2010,30
2010,10,10/1/2010,10/31/2010,31
2010,11,11/1/2010,11/30/2010,30
2010,12,12/1/2010,12/31/2010,31
2011,1,1/1/2011,1/31/2011,31
2011,2,2/1/2011,2/28/2011,28
2011,3,3/1/2011,3/31/2011,31
2011,4,4/1/2011,4/30/2011,30
2011,5,5/1/2011,5/31/2011,31
2011,6,6/1/2011,6/30/2011,30
2011,7,7/1/2011,7/31/2011,31
2011,8,8/1/2011,8/31/2011,31
2011,9,9/1/2011,9/30/2011,30
2011,10,10/1/2011,10/31/2011,31
2011,11,11/1/2011,11/30/2011,30
2011,12,12/1/2011,12/31/2011,31
2012,1,1/1/2012,1/31/2012,31
2012,2,2/1/2012,2/29/2012,29
2012,3,3/1/2012,3/31/2012,31
2012,4,4/1/2012,4/30/2012,30
2012,5,5/1/2012,5/31/2012,31
2012,6,6/1/2012,6/30/2012,30
2012,7,7/1/2012,7/31/2012,31
2012,8,8/1/2012,8/31/2012,31
2012,9,9/1/2012,9/30/2012,30
2012,10,10/1/2012,10/31/2012,31
2012,11,11/1/2012,11/30/2012,30
2012,12,12/1/2012,12/31/2012,31
2013,1,1/1/2013,1/31/2013,31
2013,2,2/1/2013,2/28/2013,28
2013,3,3/1/2013,3/31/2013,31
2013,4,4/1/2013,4/30/2013,30
2013,5,5/1/2013,5/31/2013,31
2013,6,6/1/2013,6/30/2013,30
2013,7,7/1/2013,7/31/2013,31
2013,8,8/1/2013,8/31/2013,31
2013,9,9/1/2013,9/30/2013,30
2013,10,10/1/2013,10/31/2013,31
2013,11,11/1/2013,11/30/2013,30
2013,12,12/1/2013,12/31/2013,31
2014,1,1/1/2014,1/31/2014,31
2014,2,2/1/2014,2/28/2014,28
2014,3,3/1/2014,3/31/2014,31
2014,4,4/1/2014,4/30/2014,30
2014,5,5/1/2014,5/31/2014,31
2014,6,6/1/2014,6/30/2014,30
2014,7,7/1/2014,7/31/2014,31
2014,8,8/1/2014,8/31/2014,31
2014,9,9/1/2014,9/30/2014,30
2014,10,10/1/2014,10/31/2014,31
2014,11,11/1/2014,11/30/2014,30
2014,12,12/1/2014,12/31/2014,31
2015,1,1/1/2015,1/31/2015,31
2015,2,2/1/2015,2/28/2015,28
2015,3,3/1/2015,3/31/2015,31
2015,4,4/1/2015,4/30/2015,30
2015,5,5/1/2015,5/31/2015,31
2015,6,6/1/2015,6/30/2015,30
2015,7,7/1/2015,7/31/2015,31
2015,8,8/1/2015,8/31/2015,31
2015,9,9/1/2015,9/30/2015,30
2015,10,10/1/2015,10/31/2015,31
2015,11,11/1/2015,11/30/2015,30
2015,12,12/1/2015,12/31/2015,31
2016,1,1/1/2016,1/31/2016,31
2016,2,2/1/2016,2/29/2016,29
2016,3,3/1/2016,3/31/2016,31
2016,4,4/1/2016,4/30/2016,30
2016,5,5/1/2016,5/31/2016,31
2016,6,6/1/2016,6/30/2016,30
2016,7,7/1/2016,7/31/2016,31
2016,8,8/1/2016,8/31/2016,31
2016,9,9/1/2016,9/30/2016,30
2016,10,10/1/2016,10/31/2016,31
2016,11,11/1/2016,11/30/2016,30
2016,12,12/1/2016,12/31/2016,31
2017,1,1/1/2017,1/31/2017,31
2017,2,2/1/2017,2/28/2017,28
2017,3,3/1/2017,3/31/2017,31
2017,4,4/1/2017,4/30/2017,30
2017,5,5/1/2017,5/31/2017,31
2017,6,6/1/2017,6/30/2017,30
2017,7,7/1/2017,7/31/2017,31
2017,8,8/1/2017,8/31/2017,31
2017,9,9/1/2017,9/30/2017,30
2017,10,10/1/2017,10/31/2017,31
2017,11,11/1/2017,11/30/2017,30
2017,12,12/1/2017,12/31/2017,31
2018,1,1/1/2018,1/31/2018,31
2018,2,2/1/2018,2/28/2018,28
2018,3,3/1/2018,3/31/2018,31
2018,4,4/1/2018,4/30/2018,30
2018,5,5/1/2018,5/31/2018,31
2018,6,6/1/2018,6/30/2018,30
2018,7,7/1/2018,7/31/2018,31
2018,8,8/1/2018,8/31/2018,31
2018,9,9/1/2018,9/30/2018,30
2018,10,10/1/2018,10/31/2018,31
2018,11,11/1/2018,11/30/2018,30
2018,12,12/1/2018,12/31/2018,31
2019,1,1/1/2019,1/31/2019,31
2019,2,2/1/2019,2/28/2019,28
2019,3,3/1/2019,3/31/2019,31
2019,4,4/1/2019,4/30/2019,30
2019,5,5/1/2019,5/31/2019,31
2019,6,6/1/2019,6/30/2019,30
2019,7,7/1/2019,7/31/2019,31
2019,8,8/1/2019,8/31/2019,31
2019,9,9/1/2019,9/30/2019,30
2019,10,10/1/2019,10/31/2019,31
2019,11,11/1/2019,11/30/2019,30
2019,12,12/1/2019,12/31/2019,31
2020,1,1/1/2020,1/31/2020,31
2020,2,2/1/2020,2/29/2020,29
2020,3,3/1/2020,3/31/2020,31
2020,4,4/1/2020,4/30/2020,30
2020,5,5/1/2020,5/31/2020,31
2020,6,6/1/2020,6/30/2020,30
2020,7,7/1/2020,7/31/2020,31
2020,8,8/1/2020,8/31/2020,31
2020,9,9/1/2020,9/30/2020,30
2020,10,10/1/2020,10/31/2020,31
2020,11,11/1/2020,11/30/2020,30
2020,12,12/1/2020,12/31/2020,31
2021,1,1/1/2021,1/31/2021,31
2021,2,2/1/2021,2/28/2021,28
2021,3,3/1/2021,3/31/2021,31
2021,4,4/1/2021,4/30/2021,30
2021,5,5/1/2021,5/31/2021,31
2021,6,6/1/2021,6/30/2021,30
2021,7,7/1/2021,7/31/2021,31
2021,8,8/1/2021,8/31/2021,31
2021,9,9/1/2021,9/30/2021,30
2021,10,10/1/2021,10/31/2021,31
2021,11,11/1/2021,11/30/2021,30
2021,12,12/1/2021,12/31/2021,31
2022,1,1/1/2022,1/31/2022,31
2022,2,2/1/2022,2/28/2022,28
2022,3,3/1/2022,3/31/2022,31
2022,4,4/1/2022,4/30/2022,30
2022,5,5/1/2022,5/31/2022,31
2022,6,6/1/2022,6/30/2022,30
2022,7,7/1/2022,7/31/2022,31
2022,8,8/1/2022,8/31/2022,31
2022,9,9/1/2022,9/30/2022,30
2022,10,10/1/2022,10/31/2022,31
2022,11,11/1/2022,11/30/2022,30
2022,12,12/1/2022,12/31/2022,31
2023,1,1/1/2023,1/31/2023,31
2023,2,2/1/2023,2/28/2023,28
2023,3,3/1/2023,3/31/2023,31
2023,4,4/1/2023,4/30/2023,30
2023,5,5/1/2023,5/31/2023,31
2023,6,6/1/2023,6/30/2023,30
2023,7,7/1/2023,7/31/2023,31
2023,8,8/1/2023,8/31/2023,31
2023,9,9/1/2023,9/30/2023,30
2023,10,10/1/2023,10/31/2023,31
2023,11,11/1/2023,11/30/2023,30
2023,12,12/1/2023,12/31/2023,31
2024,1,1/1/2024,1/31/2024,31
2024,2,2/1/2024,2/29/2024,29
2024,3,3/1/2024,3/31/2024,31
2024,4,4/1/2024,4/30/2024,30
2024,5,5/1/2024,5/31/2024,31
2024,6,6/1/2024,6/30/2024,30
2024,7,7/1/2024,7/31/2024,31
2024,8,8/1/2024,8/31/2024,31
2024,9,9/1/2024,9/30/2024,30
2024,10,10/1/2024,10/31/2024,31
2024,11,11/1/2024,11/30/2024,30
2024,12,12/1/2024,12/31/2024,31
2025,1,1/1/2025,1/31/2025,31
2025,2,2/1/2025,2/28/2025,28
2025,3,3/1/2025,3/31/2025,31
2025,4,4/1/2025,4/30/2025,30
2025,5,5/1/2025,5/31/2025,31
2025,6,6/1/2025,6/30/2025,30
2025,7,7/1/2025,7/31/2025,31
2025,8,8/1/2025,8/31/2025,31
2025,9,9/1/2025,9/30/2025,30
2025,10,10/1/2025,10/31/2025,31
2025,11,11/1/2025,11/30/2025,30
2025,12,12/1/2025,12/31/2025,31
2026,1,1/1/2026,1/31/2026,31
2026,2,2/1/2026,2/28/2026,28
2026,3,3/1/2026,3/31/2026,31
2026,4,4/1/2026,4/30/2026,30
2026,5,5/1/2026,5/31/2026,31
2026,6,6/1/2026,6/30/2026,30
2026,7,7/1/2026,7/31/2026,31
2026,8,8/1/2026,8/31/2026,31
2026,9,9/1/2026,9/30/2026,30
2026,10,10/1/2026,10/31/2026,31
2026,11,11/1/2026,11/30/2026,30
2026,12,12/1/2026,12/31/2026,31
2027,1,1/1/2027,1/31/2027,31
2027,2,2/1/2027,2/28/2027,28
2027,3,3/1/2027,3/31/2027,31
2027,4,4/1/2027,4/30/2027,30
2027,5,5/1/2027,5/31/2027,31
2027,6,6/1/2027,6/30/2027,30
2027,7,7/1/2027,7/31/2027,31
2027,8,8/1/2027,8/31/2027,31
2027,9,9/1/2027,9/30/2027,30
2027,10,10/1/2027,10/31/2027,31
2027,11,11/1/2027,11/30/2027,30
2027,12,12/1/2027,12/31/2027,31
2028,1,1/1/2028,1/31/2028,31
2028,2,2/1/2028,2/29/2028,29
2028,3,3/1/2028,3/31/2028,31
2028,4,4/1/2028,4/30/2028,30
2028,5,5/1/2028,5/31/2028,31
2028,6,6/1/2028,6/30/2028,30
2028,7,7/1/2028,7/31/2028,31
2028,8,8/1/2028,8/31/2028,31
2028,9,9/1/2028,9/30/2028,30
2028,10,10/1/2028,10/31/2028,31
2028,11,11/1/2028,11/30/2028,30
2028,12,12/1/2028,12/31/2028,31
2029,1,1/1/2029,1/31/2029,31
2029,2,2/1/2029,2/28/2029,28
2029,3,3/1/2029,3/31/2029,31
2029,4,4/1/2029,4/30/2029,30
2029,5,5/1/2029,5/31/2029,31
2029,6,6/1/2029,6/30/2029,30
2029,7,7/1/2029,7/31/2029,31
2029,8,8/1/2029,8/31/2029,31
2029,9,9/1/2029,9/30/2029,30
2029,10,10/1/2029,10/31/2029,31
2029,11,11/1/2029,11/30/2029,30
2029,12,12/1/2029,12/31/2029,31
2030,1,1/1/2030,1/31/2030,31
2030,2,2/1/2030,2/28/2030,28
2030,3,3/1/2030,3/31/2030,31
2030,4,4/1/2030,4/30/2030,30
2030,5,5/1/2030,5/31/2030,31
2030,6,6/1/2030,6/30/2030,30
2030,7,7/1/2030,7/31/2030,31
2030,8,8/1/2030,8/31/2030,31
2030,9,9/1/2030,9/30/2030,30
2030,10,10/1/2030,10/31/2030,31
2030,11,11/1/2030,11/30/2030,30
2030,12,12/1/2030,12/31/2030,31
2031,1,1/1/2031,1/31/2031,31
2031,2,2/1/2031,2/28/2031,28
2031,3,3/1/2031,3/31/2031,31
2031,4,4/1/2031,4/30/2031,30
2031,5,5/1/2031,5/31/2031,31
2031,6,6/1/2031,6/30/2031,30
2031,7,7/1/2031,7/31/2031,31
2031,8,8/1/2031,8/31/2031,31
2031,9,9/1/2031,9/30/2031,30
2031,10,10/1/2031,10/31/2031,31
2031,11,11/1/2031,11/30/2031,30
2031,12,12/1/2031,12/31/2031,31
2032,1,1/1/2032,1/31/2032,31
2032,2,2/1/2032,2/29/2032,29
2032,3,3/1/2032,3/31/2032,31
2032,4,4/1/2032,4/30/2032,30
2032,5,5/1/2032,5/31/2032,31
2032,6,6/1/2032,6/30/2032,30
2032,7,7/1/2032,7/31/2032,31
2032,8,8/1/2032,8/31/2032,31
2032,9,9/1/2032,9/30/2032,30
2032,10,10/1/2032,10/31/2032,31
2032,11,11/1/2032,11/30/2032,30
2032,12,12/1/2032,12/31/2032,31
2033,1,1/1/2033,1/31/2033,31
2033,2,2/1/2033,2/28/2033,28
2033,3,3/1/2033,3/31/2033,31
2033,4,4/1/2033,4/30/2033,30
2033,5,5/1/2033,5/31/2033,31
2033,6,6/1/2033,6/30/2033,30
2033,7,7/1/2033,7/31/2033,31
2033,8,8/1/2033,8/31/2033,31
2033,9,9/1/2033,9/30/2033,30
2033,10,10/1/2033,10/31/2033,31
2033,11,11/1/2033,11/30/2033,30
2033,12,12/1/2033,12/31/2033,31
2034,1,1/1/2034,1/31/2034,31
2034,2,2/1/2034,2/28/2034,28
2034,3,3/1/2034,3/31/2034,31
2034,4,4/1/2034,4/30/2034,30
2034,5,5/1/2034,5/31/2034,31
2034,6,6/1/2034,6/30/2034,30
2034,7,7/1/2034,7/31/2034,31
2034,8,8/1/2034,8/31/2034,31
2034,9,9/1/2034,9/30/2034,30
2034,10,10/1/2034,10/31/2034,31
2034,11,11/1/2034,11/30/2034,30
2034,12,12/1/2034,12/31/2034,31
2035,1,1/1/2035,1/31/2035,31
2035,2,2/1/2035,2/28/2035,28
2035,3,3/1/2035,3/31/2035,31
2035,4,4/1/2035,4/30/2035,30
2035,5,5/1/2035,5/31/2035,31
2035,6,6/1/2035,6/30/2035,30
2035,7,7/1/2035,7/31/2035,31
2035,8,8/1/2035,8/31/2035,31
2035,9,9/1/2035,9/30/2035,30
2035,10,10/1/2035,10/31/2035,31
2035,11,11/1/2035,11/30/2035,30
2035,12,12/1/2035,12/31/2035,31
2036,1,1/1/2036,1/31/2036,31
2036,2,2/1/2036,2/29/2036,29
2036,3,3/1/2036,3/31/2036,31
2036,4,4/1/2036,4/30/2036,30
2036,5,5/1/2036,5/31/2036,31
2036,6,6/1/2036,6/30/2036,30
2036,7,7/1/2036,7/31/2036,31
2036,8,8/1/2036,8/31/2036,31
2036,9,9/1/2036,9/30/2036,30
2036,10,10/1/2036,10/31/2036,31
2036,11,11/1/2036,11/30/2036,30
2036,12,12/1/2036,12/31/2036,31
2037,1,1/1/2037,1/31/2037,31
2037,2,2/1/2037,2/28/2037,28
2037,3,3/1/2037,3/31/2037,31
2037,4,4/1/2037,4/30/2037,30
2037,5,5/1/2037,5/31/2037,31
2037,6,6/1/2037,6/30/2037,30
2037,7,7/1/2037,7/31/2037,31
2037,8,8/1/2037,8/31/2037,31
2037,9,9/1/2037,9/30/2037,30
2037,10,10/1/2037,10/31/2037,31
2037,11,11/1/2037,11/30/2037,30
2037,12,12/1/2037,12/31/2037,31
2038,1,1/1/2038,1/31/2038,31
2038,2,2/1/2038,2/28/2038,28
2038,3,3/1/2038,3/31/2038,31
2038,4,4/1/2038,4/30/2038,30
2038,5,5/1/2038,5/31/2038,31
2038,6,6/1/2038,6/30/2038,30
2038,7,7/1/2038,7/31/2038,31
2038,8,8/1/2038,8/31/2038,31
2038,9,9/1/2038,9/30/2038,30
2038,10,10/1/2038,10/31/2038,31
2038,11,11/1/2038,11/30/2038,30
2038,12,12/1/2038,12/31/2038,31
2039,1,1/1/2039,1/31/2039,31
2039,2,2/1/2039,2/28/2039,28
2039,3,3/1/2039,3/31/2039,31
2039,4,4/1/2039,4/30/2039,30
2039,5,5/1/2039,5/31/2039,31
2039,6,6/1/2039,6/30/2039,30
2039,7,7/1/2039,7/31/2039,31
2039,8,8/1/2039,8/31/2039,31
2039,9,9/1/2039,9/30/2039,30
2039,10,10/1/2039,10/31/2039,31
2039,11,11/1/2039,11/30/2039,30
2039,12,12/1/2039,12/31/2039,31
2040,1,1/1/2040,1/31/2040,31
2040,2,2/1/2040,2/29/2040,29
2040,3,3/1/2040,3/31/2040,31
2040,4,4/1/2040,4/30/2040,30
2040,5,5/1/2040,5/31/2040,31
2040,6,6/1/2040,6/30/2040,30
2040,7,7/1/2040,7/31/2040,31
2040,8,8/1/2040,8/31/2040,31
2040,9,9/1/2040,9/30/2040,30
2040,10,10/1/2040,10/31/2040,31
2040,11,11/1/2040,11/30/2040,30
2040,12,12/1/2040,12/31/2040,31
2041,1,1/1/2041,1/31/2041,31
2041,2,2/1/2041,2/28/2041,28
2041,3,3/1/2041,3/31/2041,31
2041,4,4/1/2041,4/30/2041,30
2041,5,5/1/2041,5/31/2041,31
2041,6,6/1/2041,6/30/2041,30
2041,7,7/1/2041,7/31/2041,31
2041,8,8/1/2041,8/31/2041,31
2041,9,9/1/2041,9/30/2041,30
2041,10,10/1/2041,10/31/2041,31
2041,11,11/1/2041,11/30/2041,30
2041,12,12/1/2041,12/31/2041,31
2042,1,1/1/2042,1/31/2042,31
2042,2,2/1/2042,2/28/2042,28
2042,3,3/1/2042,3/31/2042,31
2042,4,4/1/2042,4/30/2042,30
2042,5,5/1/2042,5/31/2042,31
2042,6,6/1/2042,6/30/2042,30
2042,7,7/1/2042,7/31/2042,31
2042,8,8/1/2042,8/31/2042,31
2042,9,9/1/2042,9/30/2042,30
2042,10,10/1/2042,10/31/2042,31
2042,11,11/1/2042,11/30/2042,30
2042,12,12/1/2042,12/31/2042,31
2043,1,1/1/2043,1/31/2043,31
2043,2,2/1/2043,2/28/2043,28
2043,3,3/1/2043,3/31/2043,31
2043,4,4/1/2043,4/30/2043,30
2043,5,5/1/2043,5/31/2043,31
2043,6,6/1/2043,6/30/2043,30
2043,7,7/1/2043,7/31/2043,31
2043,8,8/1/2043,8/31/2043,31
2043,9,9/1/2043,9/30/2043,30
2043,10,10/1/2043,10/31/2043,31
2043,11,11/1/2043,11/30/2043,30
2043,12,12/1/2043,12/31/2043,31
2044,1,1/1/2044,1/31/2044,31
2044,2,2/1/2044,2/29/2044,29
2044,3,3/1/2044,3/31/2044,31
2044,4,4/1/2044,4/30/2044,30
2044,5,5/1/2044,5/31/2044,31
2044,6,6/1/2044,6/30/2044,30
2044,7,7/1/2044,7/31/2044,31
2044,8,8/1/2044,8/31/2044,31
2044,9,9/1/2044,9/30/2044,30
2044,10,10/1/2044,10/31/2044,31
2044,11,11/1/2044,11/30/2044,30
2044,12,12/1/2044,12/31/2044,31
2045,1,1/1/2045,1/31/2045,31
2045,2,2/1/2045,2/28/2045,28
2045,3,3/1/2045,3/31/2045,31
2045,4,4/1/2045,4/30/2045,30
2045,5,5/1/2045,5/31/2045,31
2045,6,6/1/2045,6/30/2045,30
2045,7,7/1/2045,7/31/2045,31
2045,8,8/1/2045,8/31/2045,31
2045,9,9/1/2045,9/30/2045,30
2045,10,10/1/2045,10/31/2045,31
2045,11,11/1/2045,11/30/2045,30
2045,12,12/1/2045,12/31/2045,31
2046,1,1/1/2046,1/31/2046,31
2046,2,2/1/2046,2/28/2046,28
2046,3,3/1/2046,3/31/2046,31
2046,4,4/1/2046,4/30/2046,30
2046,5,5/1/2046,5/31/2046,31
2046,6,6/1/2046,6/30/2046,30
2046,7,7/1/2046,7/31/2046,31
2046,8,8/1/2046,8/31/2046,31
2046,9,9/1/2046,9/30/2046,30
2046,10,10/1/2046,10/31/2046,31
2046,11,11/1/2046,11/30/2046,30
2046,12,12/1/2046,12/31/2046,31
2047,1,1/1/2047,1/31/2047,31
2047,2,2/1/2047,2/28/2047,28
2047,3,3/1/2047,3/31/2047,31
2047,4,4/1/2047,4/30/2047,30
2047,5,5/1/2047,5/31/2047,31
2047,6,6/1/2047,6/30/2047,30
2047,7,7/1/2047,7/31/2047,31
2047,8,8/1/2047,8/31/2047,31
2047,9,9/1/2047,9/30/2047,30
2047,10,10/1/2047,10/31/2047,31
2047,11,11/1/2047,11/30/2047,30
2047,12,12/1/2047,12/31/2047,31
2048,1,1/1/2048,1/31/2048,31
2048,2,2/1/2048,2/29/2048,29
2048,3,3/1/2048,3/31/2048,31
2048,4,4/1/2048,4/30/2048,30
2048,5,5/1/2048,5/31/2048,31
2048,6,6/1/2048,6/30/2048,30
2048,7,7/1/2048,7/31/2048,31
2048,8,8/1/2048,8/31/2048,31
2048,9,9/1/2048,9/30/2048,30
2048,10,10/1/2048,10/31/2048,31
2048,11,11/1/2048,11/30/2048,30
2048,12,12/1/2048,12/31/2048,31
2049,1,1/1/2049,1/31/2049,31
2049,2,2/1/2049,2/28/2049,28
2049,3,3/1/2049,3/31/2049,31
2049,4,4/1/2049,4/30/2049,30
2049,5,5/1/2049,5/31/2049,31
2049,6,6/1/2049,6/30/2049,30
2049,7,7/1/2049,7/31/2049,31
2049,8,8/1/2049,8/31/2049,31
2049,9,9/1/2049,9/30/2049,30
2049,10,10/1/2049,10/31/2049,31
2049,11,11/1/2049,11/30/2049,30
2049,12,12/1/2049,12/31/2049,31
2050,1,1/1/2050,1/31/2050,31
2050,2,2/1/2050,2/28/2050,28
2050,3,3/1/2050,3/31/2050,31
2050,4,4/1/2050,4/30/2050,30
2050,5,5/1/2050,5/31/2050,31
2050,6,6/1/2050,6/30/2050,30
2050,7,7/1/2050,7/31/2050,31
2050,8,8/1/2050,8/31/2050,31
2050,9,9/1/2050,9/30/2050,30
2050,10,10/1/2050,10/31/2050,31
2050,11,11/1/2050,11/30/2050,30
2050,12,12/1/2050,12/31/2050,31
2051,1,1/1/2051,1/31/2051,31
2051,2,2/1/2051,2/28/2051,28
2051,3,3/1/2051,3/31/2051,31
2051,4,4/1/2051,4/30/2051,30
2051,5,5/1/2051,5/31/2051,31
2051,6,6/1/2051,6/30/2051,30
2051,7,7/1/2051,7/31/2051,31
2051,8,8/1/2051,8/31/2051,31
2051,9,9/1/2051,9/30/2051,30
2051,10,10/1/2051,10/31/2051,31
2051,11,11/1/2051,11/30/2051,30
2051,12,12/1/2051,12/31/2051,31
2052,1,1/1/2052,1/31/2052,31
2052,2,2/1/2052,2/29/2052,29
2052,3,3/1/2052,3/31/2052,31
2052,4,4/1/2052,4/30/2052,30
2052,5,5/1/2052,5/31/2052,31
2052,6,6/1/2052,6/30/2052,30
2052,7,7/1/2052,7/31/2052,31
2052,8,8/1/2052,8/31/2052,31
2052,9,9/1/2052,9/30/2052,30
2052,10,10/1/2052,10/31/2052,31
2052,11,11/1/2052,11/30/2052,30
2052,12,12/1/2052,12/31/2052,31
2053,1,1/1/2053,1/31/2053,31
2053,2,2/1/2053,2/28/2053,28
2053,3,3/1/2053,3/31/2053,31
2053,4,4/1/2053,4/30/2053,30
2053,5,5/1/2053,5/31/2053,31
2053,6,6/1/2053,6/30/2053,30
2053,7,7/1/2053,7/31/2053,31
2053,8,8/1/2053,8/31/2053,31
2053,9,9/1/2053,9/30/2053,30
2053,10,10/1/2053,10/31/2053,31
2053,11,11/1/2053,11/30/2053,30
2053,12,12/1/2053,12/31/2053,31
2054,1,1/1/2054,1/31/2054,31
2054,2,2/1/2054,2/28/2054,28
2054,3,3/1/2054,3/31/2054,31
2054,4,4/1/2054,4/30/2054,30
2054,5,5/1/2054,5/31/2054,31
2054,6,6/1/2054,6/30/2054,30
2054,7,7/1/2054,7/31/2054,31
2054,8,8/1/2054,8/31/2054,31
2054,9,9/1/2054,9/30/2054,30
2054,10,10/1/2054,10/31/2054,31
2054,11,11/1/2054,11/30/2054,30
2054,12,12/1/2054,12/31/2054,31
2055,1,1/1/2055,1/31/2055,31
2055,2,2/1/2055,2/28/2055,28
2055,3,3/1/2055,3/31/2055,31
2055,4,4/1/2055,4/30/2055,30
2055,5,5/1/2055,5/31/2055,31
2055,6,6/1/2055,6/30/2055,30
2055,7,7/1/2055,7/31/2055,31
2055,8,8/1/2055,8/31/2055,31
2055,9,9/1/2055,9/30/2055,30
2055,10,10/1/2055,10/31/2055,31
2055,11,11/1/2055,11/30/2055,30
2055,12,12/1/2055,12/31/2055,31
2056,1,1/1/2056,1/31/2056,31
2056,2,2/1/2056,2/29/2056,29
2056,3,3/1/2056,3/31/2056,31
2056,4,4/1/2056,4/30/2056,30
2056,5,5/1/2056,5/31/2056,31
2056,6,6/1/2056,6/30/2056,30
2056,7,7/1/2056,7/31/2056,31
2056,8,8/1/2056,8/31/2056,31
2056,9,9/1/2056,9/30/2056,30
2056,10,10/1/2056,10/31/2056,31
2056,11,11/1/2056,11/30/2056,30
2056,12,12/1/2056,12/31/2056,31
2057,1,1/1/2057,1/31/2057,31
2057,2,2/1/2057,2/28/2057,28
2057,3,3/1/2057,3/31/2057,31
2057,4,4/1/2057,4/30/2057,30
2057,5,5/1/2057,5/31/2057,31
2057,6,6/1/2057,6/30/2057,30
2057,7,7/1/2057,7/31/2057,31
2057,8,8/1/2057,8/31/2057,31
2057,9,9/1/2057,9/30/2057,30
2057,10,10/1/2057,10/31/2057,31
2057,11,11/1/2057,11/30/2057,30
2057,12,12/1/2057,12/31/2057,31
2058,1,1/1/2058,1/31/2058,31
2058,2,2/1/2058,2/28/2058,28
2058,3,3/1/2058,3/31/2058,31
2058,4,4/1/2058,4/30/2058,30
2058,5,5/1/2058,5/31/2058,31
2058,6,6/1/2058,6/30/2058,30
2058,7,7/1/2058,7/31/2058,31
2058,8,8/1/2058,8/31/2058,31
2058,9,9/1/2058,9/30/2058,30
2058,10,10/1/2058,10/31/2058,31
2058,11,11/1/2058,11/30/2058,30
2058,12,12/1/2058,12/31/2058,31
2059,1,1/1/2059,1/31/2059,31
2059,2,2/1/2059,2/28/2059,28
2059,3,3/1/2059,3/31/2059,31
2059,4,4/1/2059,4/30/2059,30
2059,5,5/1/2059,5/31/2059,31
2059,6,6/1/2059,6/30/2059,30
2059,7,7/1/2059,7/31/2059,31
2059,8,8/1/2059,8/31/2059,31
2059,9,9/1/2059,9/30/2059,30
2059,10,10/1/2059,10/31/2059,31
2059,11,11/1/2059,11/30/2059,30
2059,12,12/1/2059,12/31/2059,31
2060,1,1/1/2060,1/31/2060,31
2060,2,2/1/2060,2/29/2060,29
2060,3,3/1/2060,3/31/2060,31
2060,4,4/1/2060,4/30/2060,30
2060,5,5/1/2060,5/31/2060,31
2060,6,6/1/2060,6/30/2060,30
2060,7,7/1/2060,7/31/2060,31
2060,8,8/1/2060,8/31/2060,31
2060,9,9/1/2060,9/30/2060,30
2060,10,10/1/2060,10/31/2060,31
2060,11,11/1/2060,11/30/2060,30
2060,12,12/1/2060,12/31/2060,31
2061,1,1/1/2061,1/31/2061,31
2061,2,2/1/2061,2/28/2061,28
2061,3,3/1/2061,3/31/2061,31
2061,4,4/1/2061,4/30/2061,30
2061,5,5/1/2061,5/31/2061,31
2061,6,6/1/2061,6/30/2061,30
2061,7,7/1/2061,7/31/2061,31
2061,8,8/1/2061,8/31/2061,31
2061,9,9/1/2061,9/30/2061,30
2061,10,10/1/2061,10/31/2061,31
2061,11,11/1/2061,11/30/2061,30
2061,12,12/1/2061,12/31/2061,31
2062,1,1/1/2062,1/31/2062,31
2062,2,2/1/2062,2/28/2062,28
2062,3,3/1/2062,3/31/2062,31
2062,4,4/1/2062,4/30/2062,30
2062,5,5/1/2062,5/31/2062,31
2062,6,6/1/2062,6/30/2062,30
2062,7,7/1/2062,7/31/2062,31
2062,8,8/1/2062,8/31/2062,31
2062,9,9/1/2062,9/30/2062,30
2062,10,10/1/2062,10/31/2062,31
2062,11,11/1/2062,11/30/2062,30
2062,12,12/1/2062,12/31/2062,31
2063,1,1/1/2063,1/31/2063,31
2063,2,2/1/2063,2/28/2063,28
2063,3,3/1/2063,3/31/2063,31
2063,4,4/1/2063,4/30/2063,30
2063,5,5/1/2063,5/31/2063,31
2063,6,6/1/2063,6/30/2063,30
2063,7,7/1/2063,7/31/2063,31
2063,8,8/1/2063,8/31/2063,31
2063,9,9/1/2063,9/30/2063,30
2063,10,10/1/2063,10/31/2063,31
2063,11,11/1/2063,11/30/2063,30
2063,12,12/1/2063,12/31/2063,31
2064,1,1/1/2064,1/31/2064,31
2064,2,2/1/2064,2/29/2064,29
2064,3,3/1/2064,3/31/2064,31
2064,4,4/1/2064,4/30/2064,30
2064,5,5/1/2064,5/31/2064,31
2064,6,6/1/2064,6/30/2064,30
2064,7,7/1/2064,7/31/2064,31
2064,8,8/1/2064,8/31/2064,31
2064,9,9/1/2064,9/30/2064,30
2064,10,10/1/2064,10/31/2064,31
2064,11,11/1/2064,11/30/2064,30
2064,12,12/1/2064,12/31/2064,31
2065,1,1/1/2065,1/31/2065,31
2065,2,2/1/2065,2/28/2065,28
2065,3,3/1/2065,3/31/2065,31
2065,4,4/1/2065,4/30/2065,30
2065,5,5/1/2065,5/31/2065,31
2065,6,6/1/2065,6/30/2065,30
2065,7,7/1/2065,7/31/2065,31
2065,8,8/1/2065,8/31/2065,31
2065,9,9/1/2065,9/30/2065,30
2065,10,10/1/2065,10/31/2065,31
2065,11,11/1/2065,11/30/2065,30
2065,12,12/1/2065,12/31/2065,31
2066,1,1/1/2066,1/31/2066,31
2066,2,2/1/2066,2/28/2066,28
2066,3,3/1/2066,3/31/2066,31
2066,4,4/1/2066,4/30/2066,30
2066,5,5/1/2066,5/31/2066,31
2066,6,6/1/2066,6/30/2066,30
2066,7,7/1/2066,7/31/2066,31
2066,8,8/1/2066,8/31/2066,31
2066,9,9/1/2066,9/30/2066,30
2066,10,10/1/2066,10/31/2066,31
2066,11,11/1/2066,11/30/2066,30
2066,12,12/1/2066,12/31/2066,31
2067,1,1/1/2067,1/31/2067,31
2067,2,2/1/2067,2/28/2067,28
2067,3,3/1/2067,3/31/2067,31
2067,4,4/1/2067,4/30/2067,30
2067,5,5/1/2067,5/31/2067,31
2067,6,6/1/2067,6/30/2067,30
2067,7,7/1/2067,7/31/2067,31
2067,8,8/1/2067,8/31/2067,31
2067,9,9/1/2067,9/30/2067,30
2067,10,10/1/2067,10/31/2067,31
2067,11,11/1/2067,11/30/2067,30
2067,12,12/1/2067,12/31/2067,31
2068,1,1/1/2068,1/31/2068,31
2068,2,2/1/2068,2/29/2068,29
2068,3,3/1/2068,3/31/2068,31
2068,4,4/1/2068,4/30/2068,30
2068,5,5/1/2068,5/31/2068,31
2068,6,6/1/2068,6/30/2068,30
2068,7,7/1/2068,7/31/2068,31
2068,8,8/1/2068,8/31/2068,31
2068,9,9/1/2068,9/30/2068,30
2068,10,10/1/2068,10/31/2068,31
2068,11,11/1/2068,11/30/2068,30
2068,12,12/1/2068,12/31/2068,31
2069,1,1/1/2069,1/31/2069,31
2069,2,2/1/2069,2/28/2069,28
2069,3,3/1/2069,3/31/2069,31
2069,4,4/1/2069,4/30/2069,30
2069,5,5/1/2069,5/31/2069,31
2069,6,6/1/2069,6/30/2069,30
2069,7,7/1/2069,7/31/2069,31
2069,8,8/1/2069,8/31/2069,31
2069,9,9/1/2069,9/30/2069,30
2069,10,10/1/2069,10/31/2069,31
2069,11,11/1/2069,11/30/2069,30
2069,12,12/1/2069,12/31/2069,31
2070,1,1/1/2070,1/31/2070,31
2070,2,2/1/2070,2/28/2070,28
2070,3,3/1/2070,3/31/2070,31
2070,4,4/1/2070,4/30/2070,30
2070,5,5/1/2070,5/31/2070,31
2070,6,6/1/2070,6/30/2070,30
2070,7,7/1/2070,7/31/2070,31
2070,8,8/1/2070,8/31/2070,31
2070,9,9/1/2070,9/30/2070,30
2070,10,10/1/2070,10/31/2070,31
2070,11,11/1/2070,11/30/2070,30
2070,12,12/1/2070,12/31/2070,31
2071,1,1/1/2071,1/31/2071,31
2071,2,2/1/2071,2/28/2071,28
2071,3,3/1/2071,3/31/2071,31
2071,4,4/1/2071,4/30/2071,30
2071,5,5/1/2071,5/31/2071,31
2071,6,6/1/2071,6/30/2071,30
2071,7,7/1/2071,7/31/2071,31
2071,8,8/1/2071,8/31/2071,31
2071,9,9/1/2071,9/30/2071,30
2071,10,10/1/2071,10/31/2071,31
2071,11,11/1/2071,11/30/2071,30
2071,12,12/1/2071,12/31/2071,31
2072,1,1/1/2072,1/31/2072,31
2072,2,2/1/2072,2/29/2072,29
2072,3,3/1/2072,3/31/2072,31
2072,4,4/1/2072,4/30/2072,30
2072,5,5/1/2072,5/31/2072,31
2072,6,6/1/2072,6/30/2072,30
2072,7,7/1/2072,7/31/2072,31
2072,8,8/1/2072,8/31/2072,31
2072,9,9/1/2072,9/30/2072,30
2072,10,10/1/2072,10/31/2072,31
2072,11,11/1/2072,11/30/2072,30
2072,12,12/1/2072,12/31/2072,31
2073,1,1/1/2073,1/31/2073,31
2073,2,2/1/2073,2/28/2073,28
2073,3,3/1/2073,3/31/2073,31
2073,4,4/1/2073,4/30/2073,30
2073,5,5/1/2073,5/31/2073,31
2073,6,6/1/2073,6/30/2073,30
2073,7,7/1/2073,7/31/2073,31
2073,8,8/1/2073,8/31/2073,31
2073,9,9/1/2073,9/30/2073,30
2073,10,10/1/2073,10/31/2073,31
2073,11,11/1/2073,11/30/2073,30
2073,12,12/1/2073,12/31/2073,31
2074,1,1/1/2074,1/31/2074,31
2074,2,2/1/2074,2/28/2074,28
2074,3,3/1/2074,3/31/2074,31
2074,4,4/1/2074,4/30/2074,30
2074,5,5/1/2074,5/31/2074,31
2074,6,6/1/2074,6/30/2074,30
2074,7,7/1/2074,7/31/2074,31
2074,8,8/1/2074,8/31/2074,31
2074,9,9/1/2074,9/30/2074,30
2074,10,10/1/2074,10/31/2074,31
2074,11,11/1/2074,11/30/2074,30
2074,12,12/1/2074,12/31/2074,31
2075,1,1/1/2075,1/31/2075,31
2075,2,2/1/2075,2/28/2075,28
2075,3,3/1/2075,3/31/2075,31
2075,4,4/1/2075,4/30/2075,30
2075,5,5/1/2075,5/31/2075,31
2075,6,6/1/2075,6/30/2075,30
2075,7,7/1/2075,7/31/2075,31
2075,8,8/1/2075,8/31/2075,31
2075,9,9/1/2075,9/30/2075,30
2075,10,10/1/2075,10/31/2075,31
2075,11,11/1/2075,11/30/2075,30
2075,12,12/1/2075,12/31/2075,31
2076,1,1/1/2076,1/31/2076,31
2076,2,2/1/2076,2/29/2076,29
2076,3,3/1/2076,3/31/2076,31
2076,4,4/1/2076,4/30/2076,30
2076,5,5/1/2076,5/31/2076,31
2076,6,6/1/2076,6/30/2076,30
2076,7,7/1/2076,7/31/2076,31
2076,8,8/1/2076,8/31/2076,31
2076,9,9/1/2076,9/30/2076,30
2076,10,10/1/2076,10/31/2076,31
2076,11,11/1/2076,11/30/2076,30
2076,12,12/1/2076,12/31/2076,31
2077,1,1/1/2077,1/31/2077,31
2077,2,2/1/2077,2/28/2077,28
2077,3,3/1/2077,3/31/2077,31
2077,4,4/1/2077,4/30/2077,30
2077,5,5/1/2077,5/31/2077,31
2077,6,6/1/2077,6/30/2077,30
2077,7,7/1/2077,7/31/2077,31
2077,8,8/1/2077,8/31/2077,31
2077,9,9/1/2077,9/30/2077,30
2077,10,10/1/2077,10/31/2077,31
2077,11,11/1/2077,11/30/2077,30
2077,12,12/1/2077,12/31/2077,31
2078,1,1/1/2078,1/31/2078,31
2078,2,2/1/2078,2/28/2078,28
2078,3,3/1/2078,3/31/2078,31
2078,4,4/1/2078,4/30/2078,30
2078,5,5/1/2078,5/31/2078,31
2078,6,6/1/2078,6/30/2078,30
2078,7,7/1/2078,7/31/2078,31
2078,8,8/1/2078,8/31/2078,31
2078,9,9/1/2078,9/30/2078,30
2078,10,10/1/2078,10/31/2078,31
2078,11,11/1/2078,11/30/2078,30
2078,12,12/1/2078,12/31/2078,31
2079,1,1/1/2079,1/31/2079,31
2079,2,2/1/2079,2/28/2079,28
2079,3,3/1/2079,3/31/2079,31
2079,4,4/1/2079,4/30/2079,30
2079,5,5/1/2079,5/31/2079,31
2079,6,6/1/2079,6/30/2079,30
2079,7,7/1/2079,7/31/2079,31
2079,8,8/1/2079,8/31/2079,31
2079,9,9/1/2079,9/30/2079,30
2079,10,10/1/2079,10/31/2079,31
2079,11,11/1/2079,11/30/2079,30
2079,12,12/1/2079,12/31/2079,31
2080,1,1/1/2080,1/31/2080,31
2080,2,2/1/2080,2/29/2080,29
2080,3,3/1/2080,3/31/2080,31
2080,4,4/1/2080,4/30/2080,30
2080,5,5/1/2080,5/31/2080,31
2080,6,6/1/2080,6/30/2080,30
2080,7,7/1/2080,7/31/2080,31
2080,8,8/1/2080,8/31/2080,31
2080,9,9/1/2080,9/30/2080,30
2080,10,10/1/2080,10/31/2080,31
2080,11,11/1/2080,11/30/2080,30
2080,12,12/1/2080,12/31/2080,31
2081,1,1/1/2081,1/31/2081,31
2081,2,2/1/2081,2/28/2081,28
2081,3,3/1/2081,3/31/2081,31
2081,4,4/1/2081,4/30/2081,30
2081,5,5/1/2081,5/31/2081,31
2081,6,6/1/2081,6/30/2081,30
2081,7,7/1/2081,7/31/2081,31
2081,8,8/1/2081,8/31/2081,31
2081,9,9/1/2081,9/30/2081,30
2081,10,10/1/2081,10/31/2081,31
2081,11,11/1/2081,11/30/2081,30
2081,12,12/1/2081,12/31/2081,31
2082,1,1/1/2082,1/31/2082,31
2082,2,2/1/2082,2/28/2082,28
2082,3,3/1/2082,3/31/2082,31
2082,4,4/1/2082,4/30/2082,30
2082,5,5/1/2082,5/31/2082,31
2082,6,6/1/2082,6/30/2082,30
2082,7,7/1/2082,7/31/2082,31
2082,8,8/1/2082,8/31/2082,31
2082,9,9/1/2082,9/30/2082,30
2082,10,10/1/2082,10/31/2082,31
2082,11,11/1/2082,11/30/2082,30
2082,12,12/1/2082,12/31/2082,31
2083,1,1/1/2083,1/31/2083,31
2083,2,2/1/2083,2/28/2083,28
2083,3,3/1/2083,3/31/2083,31
2083,4,4/1/2083,4/30/2083,30
2083,5,5/1/2083,5/31/2083,31
2083,6,6/1/2083,6/30/2083,30
2083,7,7/1/2083,7/31/2083,31
2083,8,8/1/2083,8/31/2083,31
2083,9,9/1/2083,9/30/2083,30
2083,10,10/1/2083,10/31/2083,31
2083,11,11/1/2083,11/30/2083,30
2083,12,12/1/2083,12/31/2083,31
2084,1,1/1/2084,1/31/2084,31
2084,2,2/1/2084,2/29/2084,29
2084,3,3/1/2084,3/31/2084,31
2084,4,4/1/2084,4/30/2084,30
2084,5,5/1/2084,5/31/2084,31
2084,6,6/1/2084,6/30/2084,30
2084,7,7/1/2084,7/31/2084,31
2084,8,8/1/2084,8/31/2084,31
2084,9,9/1/2084,9/30/2084,30
2084,10,10/1/2084,10/31/2084,31
2084,11,11/1/2084,11/30/2084,30
2084,12,12/1/2084,12/31/2084,31
2085,1,1/1/2085,1/31/2085,31
2085,2,2/1/2085,2/28/2085,28
2085,3,3/1/2085,3/31/2085,31
2085,4,4/1/2085,4/30/2085,30
2085,5,5/1/2085,5/31/2085,31
2085,6,6/1/2085,6/30/2085,30
2085,7,7/1/2085,7/31/2085,31
2085,8,8/1/2085,8/31/2085,31
2085,9,9/1/2085,9/30/2085,30
2085,10,10/1/2085,10/31/2085,31
2085,11,11/1/2085,11/30/2085,30
2085,12,12/1/2085,12/31/2085,31
2086,1,1/1/2086,1/31/2086,31
2086,2,2/1/2086,2/28/2086,28
2086,3,3/1/2086,3/31/2086,31
2086,4,4/1/2086,4/30/2086,30
2086,5,5/1/2086,5/31/2086,31
2086,6,6/1/2086,6/30/2086,30
2086,7,7/1/2086,7/31/2086,31
2086,8,8/1/2086,8/31/2086,31
2086,9,9/1/2086,9/30/2086,30
2086,10,10/1/2086,10/31/2086,31
2086,11,11/1/2086,11/30/2086,30
2086,12,12/1/2086,12/31/2086,31
2087,1,1/1/2087,1/31/2087,31
2087,2,2/1/2087,2/28/2087,28
2087,3,3/1/2087,3/31/2087,31
2087,4,4/1/2087,4/30/2087,30
2087,5,5/1/2087,5/31/2087,31
2087,6,6/1/2087,6/30/2087,30
2087,7,7/1/2087,7/31/2087,31
2087,8,8/1/2087,8/31/2087,31
2087,9,9/1/2087,9/30/2087,30
2087,10,10/1/2087,10/31/2087,31
2087,11,11/1/2087,11/30/2087,30
2087,12,12/1/2087,12/31/2087,31
2088,1,1/1/2088,1/31/2088,31
2088,2,2/1/2088,2/29/2088,29
2088,3,3/1/2088,3/31/2088,31
2088,4,4/1/2088,4/30/2088,30
2088,5,5/1/2088,5/31/2088,31
2088,6,6/1/2088,6/30/2088,30
2088,7,7/1/2088,7/31/2088,31
2088,8,8/1/2088,8/31/2088,31
2088,9,9/1/2088,9/30/2088,30
2088,10,10/1/2088,10/31/2088,31
2088,11,11/1/2088,11/30/2088,30
2088,12,12/1/2088,12/31/2088,31
2089,1,1/1/2089,1/31/2089,31
2089,2,2/1/2089,2/28/2089,28
2089,3,3/1/2089,3/31/2089,31
2089,4,4/1/2089,4/30/2089,30
2089,5,5/1/2089,5/31/2089,31
2089,6,6/1/2089,6/30/2089,30
2089,7,7/1/2089,7/31/2089,31
2089,8,8/1/2089,8/31/2089,31
2089,9,9/1/2089,9/30/2089,30
2089,10,10/1/2089,10/31/2089,31
2089,11,11/1/2089,11/30/2089,30
2089,12,12/1/2089,12/31/2089,31
2090,1,1/1/2090,1/31/2090,31
2090,2,2/1/2090,2/28/2090,28
2090,3,3/1/2090,3/31/2090,31
2090,4,4/1/2090,4/30/2090,30
2090,5,5/1/2090,5/31/2090,31
2090,6,6/1/2090,6/30/2090,30
2090,7,7/1/2090,7/31/2090,31
2090,8,8/1/2090,8/31/2090,31
2090,9,9/1/2090,9/30/2090,30
2090,10,10/1/2090,10/31/2090,31
2090,11,11/1/2090,11/30/2090,30
2090,12,12/1/2090,12/31/2090,31
2091,1,1/1/2091,1/31/2091,31
2091,2,2/1/2091,2/28/2091,28
2091,3,3/1/2091,3/31/2091,31
2091,4,4/1/2091,4/30/2091,30
2091,5,5/1/2091,5/31/2091,31
2091,6,6/1/2091,6/30/2091,30
2091,7,7/1/2091,7/31/2091,31
2091,8,8/1/2091,8/31/2091,31
2091,9,9/1/2091,9/30/2091,30
2091,10,10/1/2091,10/31/2091,31
2091,11,11/1/2091,11/30/2091,30
2091,12,12/1/2091,12/31/2091,31
2092,1,1/1/2092,1/31/2092,31
2092,2,2/1/2092,2/29/2092,29
2092,3,3/1/2092,3/31/2092,31
2092,4,4/1/2092,4/30/2092,30
2092,5,5/1/2092,5/31/2092,31
2092,6,6/1/2092,6/30/2092,30
2092,7,7/1/2092,7/31/2092,31
2092,8,8/1/2092,8/31/2092,31
2092,9,9/1/2092,9/30/2092,30
2092,10,10/1/2092,10/31/2092,31
2092,11,11/1/2092,11/30/2092,30
2092,12,12/1/2092,12/31/2092,31
2093,1,1/1/2093,1/31/2093,31
2093,2,2/1/2093,2/28/2093,28
2093,3,3/1/2093,3/31/2093,31
2093,4,4/1/2093,4/30/2093,30
2093,5,5/1/2093,5/31/2093,31
2093,6,6/1/2093,6/30/2093,30
2093,7,7/1/2093,7/31/2093,31
2093,8,8/1/2093,8/31/2093,31
2093,9,9/1/2093,9/30/2093,30
2093,10,10/1/2093,10/31/2093,31
2093,11,11/1/2093,11/30/2093,30
2093,12,12/1/2093,12/31/2093,31
2094,1,1/1/2094,1/31/2094,31
2094,2,2/1/2094,2/28/2094,28
2094,3,3/1/2094,3/31/2094,31
2094,4,4/1/2094,4/30/2094,30
2094,5,5/1/2094,5/31/2094,31
2094,6,6/1/2094,6/30/2094,30
2094,7,7/1/2094,7/31/2094,31
2094,8,8/1/2094,8/31/2094,31
2094,9,9/1/2094,9/30/2094,30
2094,10,10/1/2094,10/31/2094,31
2094,11,11/1/2094,11/30/2094,30
2094,12,12/1/2094,12/31/2094,31
2095,1,1/1/2095,1/31/2095,31
2095,2,2/1/2095,2/28/2095,28
2095,3,3/1/2095,3/31/2095,31
2095,4,4/1/2095,4/30/2095,30
2095,5,5/1/2095,5/31/2095,31
2095,6,6/1/2095,6/30/2095,30
2095,7,7/1/2095,7/31/2095,31
2095,8,8/1/2095,8/31/2095,31
2095,9,9/1/2095,9/30/2095,30
2095,10,10/1/2095,10/31/2095,31
2095,11,11/1/2095,11/30/2095,30
2095,12,12/1/2095,12/31/2095,31
2096,1,1/1/2096,1/31/2096,31
2096,2,2/1/2096,2/29/2096,29
2096,3,3/1/2096,3/31/2096,31
2096,4,4/1/2096,4/30/2096,30
2096,5,5/1/2096,5/31/2096,31
2096,6,6/1/2096,6/30/2096,30
2096,7,7/1/2096,7/31/2096,31
2096,8,8/1/2096,8/31/2096,31
2096,9,9/1/2096,9/30/2096,30
2096,10,10/1/2096,10/31/2096,31
2096,11,11/1/2096,11/30/2096,30
2096,12,12/1/2096,12/31/2096,31
2097,1,1/1/2097,1/31/2097,31
2097,2,2/1/2097,2/28/2097,28
2097,3,3/1/2097,3/31/2097,31
2097,4,4/1/2097,4/30/2097,30
2097,5,5/1/2097,5/31/2097,31
2097,6,6/1/2097,6/30/2097,30
2097,7,7/1/2097,7/31/2097,31
2097,8,8/1/2097,8/31/2097,31
2097,9,9/1/2097,9/30/2097,30
2097,10,10/1/2097,10/31/2097,31
2097,11,11/1/2097,11/30/2097,30
2097,12,12/1/2097,12/31/2097,31
2098,1,1/1/2098,1/31/2098,31
2098,2,2/1/2098,2/28/2098,28
2098,3,3/1/2098,3/31/2098,31
2098,4,4/1/2098,4/30/2098,30
2098,5,5/1/2098,5/31/2098,31
2098,6,6/1/2098,6/30/2098,30
2098,7,7/1/2098,7/31/2098,31
2098,8,8/1/2098,8/31/2098,31
2098,9,9/1/2098,9/30/2098,30
2098,10,10/1/2098,10/31/2098,31
2098,11,11/1/2098,11/30/2098,30
2098,12,12/1/2098,12/31/2098,31
2099,1,1/1/2099,1/31/2099,31
2099,2,2/1/2099,2/28/2099,28
2099,3,3/1/2099,3/31/2099,31
2099,4,4/1/2099,4/30/2099,30
2099,5,5/1/2099,5/31/2099,31
2099,6,6/1/2099,6/30/2099,30
2099,7,7/1/2099,7/31/2099,31
2099,8,8/1/2099,8/31/2099,31
2099,9,9/1/2099,9/30/2099,30
2099,10,10/1/2099,10/31/2099,31
2099,11,11/1/2099,11/30/2099,30
2099,12,12/1/2099,12/31/2099,31
2100,1,1/1/2100,1/31/2100,31
2100,2,2/1/2100,2/28/2100,28
2100,3,3/1/2100,3/31/2100,31
2100,4,4/1/2100,4/30/2100,30
2100,5,5/1/2100,5/31/2100,31
2100,6,6/1/2100,6/30/2100,30
2100,7,7/1/2100,7/31/2100,31
2100,8,8/1/2100,8/31/2100,31
2100,9,9/1/2100,9/30/2100,30
2100,10,10/1/2100,10/31/2100,31
2100,11,11/1/2100,11/30/2100,30
2100,12,12/1/2100,12/31/2100,31
