year,month,nina12,nina34,nina4,nina3,wtio,setio,swio,soi,noi,wp,ep,pna,pdo
1971,Jan,23.32,25.01,26.81,24.35,-,-,-,0.4,5.065,-1.65,-0.11,-1.39,-1.9
1971,Feb,24.66,25.27,26.94,24.95,-,-,-,3.1,7.349,-1.15,-1.49,0.1,-1.74
1971,Mar,24.91,26.11,27.15,26.17,-,-,-,3.4,3.831,-0.05,-0.11,0.02,-1.68
1971,Apr,25.1,26.64,27.58,26.69,-,-,-,2.8,2.526,-0.24,-1.55,0.48,-1.59
1971,May,22.96,27.16,27.98,26.37,-,-,-,1.2,2.057,0.36,-1.09,1.14,-1.55
1971,Jun,21.86,26.93,28.12,25.71,-,-,-,0.2,0.491,1.03,-0.05,0.38,-1.55
1971,Jul,21.26,26.64,27.91,25.11,-,-,-,0.1,1.12,0.09,1.83,-1.41,-2.2
1971,Aug,19.86,26.24,27.86,24.14,-,-,-,2.2,-0.427,-1.08,1.23,-0.78,-0.15
1971,Sep,19.79,25.88,27.64,23.94,-,-,-,2.7,0.79,-0.26,-0.97,0.23,0.21
1971,Oct,20.07,25.92,27.81,23.91,-,-,-,2.8,3.652,0.54,-0.64,-1.37,-0.22
1971,Nov,21.13,25.58,27.62,23.9,-,-,-,0.9,3.086,0.29,-0.23,-0.26,-1.25
1971,Dec,21.96,25.61,27.74,23.94,-,-,-,0.1,2.492,0.58,-99.9,-1.46,-1.87
1972,Jan,24.62,25.84,27.63,25.12,-,-,-,0.6,4.455,0.37,-0.61,-1.41,-1.99
1972,Feb,26.81,26.49,28.14,26.19,-,-,-,1.4,1.071,-1.75,0.45,-1.48,-1.83
1972,Mar,27.31,27.08,28.17,26.98,-,-,-,0.1,1.899,-1.95,-1.2,0.2,-2.09
1972,Apr,26.35,28.08,28.93,27.91,-,-,-,-0.6,-0.093,-0.17,-1.16,-1.76,-1.65
1972,May,25.51,28.36,29.39,27.66,-,-,-,-3.4,-1.278,0.86,0.52,0.14,-1.57
1972,Jun,24.86,28.34,29.22,27.41,-,-,-,-1.8,-1.259,1.36,-1.94,-0.24,-1.87
1972,Jul,24.07,28.17,29.28,27.03,-,-,-,-3.1,-1.687,-0.96,1.84,-0.76,-0.83
1972,Aug,23.27,28.14,28.94,26.87,-,-,-,-1.6,-1.633,0.73,1.21,-0.01,0.25
1972,Sep,22.12,27.86,28.96,26.35,-,-,-,-2.6,-0.636,-1.29,0.56,0.21,0.17
1972,Oct,22.56,28.38,29.33,26.8,-,-,-,-2,-2.359,0.19,1.61,-1.5,0.11
1972,Nov,23.4,28.62,29.42,27.12,-,-,-,-0.7,-1.25,0.16,-0.21,0.56,0.57
1972,Dec,24.69,28.61,29.19,27.5,-,-,-,-2.6,-0.2,0.83,-99.9,-0.56,-0.33
1973,Jan,26.33,28.25,29.12,27.37,-,-,-,-0.8,-2.303,0.8,-0.94,-0.18,-0.46
1973,Feb,26.5,27.98,28.79,27.39,-,-,-,-3.2,-8.273,1.59,1.18,0.12,-0.61
1973,Mar,26.15,27.82,28.53,27.37,-,-,-,0.3,2.683,0.73,-1.75,0.85,-0.5
1973,Apr,24.52,27.53,28.37,26.89,-,-,-,-0.3,3.538,1.24,0.72,0.36,-0.69
1973,May,23.47,27.26,28.7,26.12,-,-,-,0.4,0.334,0.3,-1.47,0.66,-0.76
1973,Jun,21.51,26.7,28.2,25.34,-,-,-,1.3,1.967,-1.28,-0.77,0.84,-0.97
1973,Jul,20.75,26.04,28.12,24.39,-,-,-,0.9,0.96,-0.25,-1.09,0.17,-0.57
1973,Aug,19.47,25.66,27.84,23.65,-,-,-,1.7,2.282,-0.22,-0.84,-0.92,-1.14
1973,Sep,19.24,25.44,27.55,23.6,-,-,-,2.3,0.876,0.24,0.27,-0.28,-0.51
1973,Oct,19.68,25.25,27.25,23.57,-,-,-,1,1.553,0.58,-0.79,-0.82,-0.87
1973,Nov,20.71,24.76,27.06,23.47,-,-,-,4.7,0.726,0.27,-0.16,-1.73,-1.81
1973,Dec,21.61,24.58,26.66,23.55,-,-,-,3.2,0.595,0.56,-99.9,0.53,-0.76
1974,Jan,23.32,24.58,26.61,23.97,-,-,-,4.3,0.56,-2.35,-0.79,-0.69,-1.22
1974,Feb,24.92,25.21,26.74,25.16,-,-,-,3.2,5.932,-0.29,-0.7,-0.9,-1.65
1974,Mar,26.04,26.05,27.12,26.39,-,-,-,3.6,-1.769,-1.28,0.41,-0.82,-0.9
1974,Apr,25.29,26.9,27.52,26.83,-,-,-,1.4,3.414,-0.36,-0.18,-0.5,-0.52
1974,May,24.42,26.82,27.79,26.49,-,-,-,1.4,2.223,-0.07,0.21,-0.55,-0.28
1974,Jun,22.68,27.18,27.97,26.15,-,-,-,0.1,0.209,-0.34,-1.47,-1.38,-0.31
1974,Jul,21.6,26.71,27.8,25.51,-,-,-,1.9,0.3,0.12,-1.3,0.35,-0.08
1974,Aug,20.47,26.3,27.98,24.77,-,-,-,0.8,0.759,-0.06,1.94,0.93,0.27
1974,Sep,19.91,26.19,27.72,24.35,-,-,-,2,-0.324,-0.18,2.44,0.47,0.44
1974,Oct,20.02,25.87,27.59,24.15,-,-,-,1.3,2.549,-0.54,0.13,0.69,-0.1
1974,Nov,20.95,25.59,27.5,24.06,-,-,-,-0.5,1.337,0.41,-1.67,0.57,0.43
1974,Dec,21.41,25.78,27.63,24.24,-,-,-,0,4.283,-0.69,-99.9,0.68,-0.12
1975,Jan,23.67,26.08,27.46,25.18,-,-,-,-1.3,4.746,0.04,-1.64,-0.43,-0.84
1975,Feb,24.9,26.33,27.83,25.73,-,-,-,1,-0.692,-0.28,-0.14,-0.16,-0.71
1975,Mar,26.17,26.59,27.54,26.57,-,-,-,1.9,-0.405,-0.39,-0.03,-0.53,-0.51
1975,Apr,25.44,27.15,27.75,27.11,-,-,-,1.7,3.509,0.23,-1.21,-0.44,-1.3
1975,May,23.36,26.87,27.77,26,-,-,-,0.8,0.864,-0.94,-1.16,0.59,-1.02
1975,Jun,21.71,26.41,27.53,25.24,-,-,-,1.8,1.392,-0.71,-1.33,-0.39,-1.16
1975,Jul,20.98,26.13,27.52,24.77,-,-,-,3.4,0.624,0.87,0.49,-1.19,-0.4
1975,Aug,20.05,25.55,27.14,24.14,-,-,-,3.1,3.053,0.02,0.36,-1.07,-1.07
1975,Sep,18.8,25.31,27.04,23.69,-,-,-,3.9,2.615,0.38,0.42,-0.23,-1.23
1975,Oct,19.13,25.07,26.83,23.4,-,-,-,2.8,2.151,-0.32,-0.72,-0.74,-1.29
1975,Nov,19.61,25.23,26.89,23.72,-,-,-,2.1,3.264,1.1,-1.05,-0.65,-2.08
1975,Dec,20.94,24.82,26.62,23.38,-,-,-,3.7,4.765,-0.8,-99.9,0.14,-1.61
1976,Jan,23.73,24.66,26.9,23.83,-,-,-,2.4,5.938,-0.17,-0.45,0.31,-1.14
1976,Feb,25.63,25.61,27.17,25.39,-,-,-,2.6,2.33,0.1,0.38,-1.56,-1.85
1976,Mar,26.21,26.49,27.54,26.49,-,-,-,2.2,4.956,0.05,-0.69,-1.52,-0.96
1976,Apr,25.78,26.99,28.06,26.9,-,-,-,0.2,-1.774,0.81,-1.16,1.19,-0.89
1976,May,25.33,27.22,28.15,26.89,-,-,-,0.3,0.244,0.82,-0.82,0.56,-0.68
1976,Jun,24.4,27.39,28.23,26.88,-,-,-,-0.2,-0.622,0.75,0.13,-1.34,-0.67
1976,Jul,23.46,27.21,28.19,26.23,-,-,-,-1.9,-1.251,1.6,-1.04,0.32,0.61
1976,Aug,22.19,27.07,28.23,25.79,-,-,-,-2.2,-0.653,0.85,-0.48,-0.59,1.28
1976,Sep,21.67,27.2,28.35,25.78,-,-,-,-2.2,-1.777,0.27,1.59,0,0.82
1976,Oct,21.52,27.58,28.86,25.84,-,-,-,0.4,0.778,-0.97,1.66,0.68,1.11
1976,Nov,22,27.48,28.92,25.8,-,-,-,1.1,0.032,0.21,2.36,1.81,1.25
1976,Dec,23.69,27.21,28.35,25.85,-,-,-,-1,0.625,-0.9,-99.9,0.51,1.22
1977,Jan,25.31,27.38,28.32,26.47,-,-,-,-1.1,0.306,-0.47,0.57,1.75,1.65
1977,Feb,25.97,27.03,27.89,26.82,-,-,-,1.7,4.662,0.56,-0.95,2.04,1.11
1977,Mar,26.35,27.54,28.04,27.42,-,-,-,-2.1,4.331,2.14,-1.27,-0.4,0.72
1977,Apr,25.25,27.58,28.32,27,-,-,-,-1.3,0.704,0.86,0.41,-0.08,0.3
1977,May,23.95,28.03,28.81,26.94,-,-,-,-1.4,-1.105,-0.92,-1.86,-0.73,0.31
1977,Jun,22.82,27.86,28.79,26.46,-,-,-,-2.5,0.206,-0.11,-0.02,0.43,0.42
1977,Jul,21.75,27.38,28.98,25.5,-,-,-,-2.5,1.129,0.27,0.01,-0.67,0.19
1977,Aug,20.28,26.85,28.73,24.57,-,-,-,-2.2,-2.197,0.43,1.13,2.22,0.64
1977,Sep,19.85,26.96,28.95,24.7,-,-,-,-1.6,-1.923,2.13,-1.07,-0.82,-0.55
1977,Oct,20.98,27.3,28.88,25.26,-,-,-,-2.3,-0.706,1.34,-0.41,0.98,-0.61
1977,Nov,21.65,27.29,29.11,25.36,-,-,-,-2.5,0.418,-0.35,0.17,-0.22,-0.72
1977,Dec,22.49,27.16,28.93,25.34,-,-,-,-2.3,-6.57,-0.48,-99.9,-0.5,-0.69
1978,Jan,24.33,27.34,28.79,25.99,-,-,-,-0.7,-7.837,0.41,2.52,0.61,0.34
1978,Feb,25.99,26.93,28.47,26.26,-,-,-,-5.7,-6.265,0.33,0.75,1.27,1.45
1978,Mar,25.54,27.36,28.28,26.95,-,-,-,-1.3,-5.78,-1.28,1.42,0.12,1.34
1978,Apr,25.03,27.22,28.25,26.68,-,-,-,-1,-2.177,0.03,0.92,0.05,1.29
1978,May,23.47,27.39,28.86,26.23,-,-,-,2.1,3.151,-0.5,-0.08,-0.92,0.9
1978,Jun,22.09,27.11,28.57,25.61,-,-,-,0.5,2.891,2.39,0.5,-0.97,0.15
1978,Jul,21.11,26.68,28.43,24.93,-,-,-,0.7,2.047,1.7,1.42,-2.15,-1.24
1978,Aug,20.03,26.13,28.15,24.35,-,-,-,0,1.419,0.33,0.12,0.05,-0.56
1978,Sep,19.86,26.2,28.48,24.26,-,-,-,0.1,1.318,1.02,-1.08,1.71,-0.44
1978,Oct,20.35,26.41,28.23,24.58,-,-,-,-1.2,0.83,-1.07,0.41,0.48,0.1
1978,Nov,21.99,26.4,28.35,24.8,-,-,-,-0.2,0.989,0.06,1.43,-0.49,-0.07
1978,Dec,23.3,26.53,28.27,25.36,-,-,-,-0.4,1.565,1.39,-99.9,-0.72,-0.43
1979,Jan,24.77,26.5,28.51,25.4,-,-,-,-1.1,-3.011,1.59,1.9,-0.69,-0.58
1979,Feb,25.7,26.69,28.14,26.26,-,-,-,1.3,0.203,-0.17,0.15,-1.82,-1.33
1979,Mar,26.26,27.6,28.45,27.27,-,-,-,-0.8,-2.035,-0.21,0.89,0.38,0.3
1979,Apr,25.39,27.88,28.5,27.63,-,-,-,-0.7,-0.973,0.73,0.78,0.09,0.89
1979,May,24.13,27.81,28.76,27.16,-,-,-,0.5,-0.271,-0.6,-0.79,1.35,1.09
1979,Jun,23.29,27.76,28.77,26.75,-,-,-,0.6,2.218,0.97,-0.19,-1.64,0.17
1979,Jul,22.18,26.84,28.59,25.46,-,-,-,2.2,-2.333,0.99,-0.22,0.99,0.84
1979,Aug,21.2,26.69,28.39,25.02,-,-,-,-1,-1.179,1.17,1.28,0.7,0.52
1979,Sep,21.3,27.5,28.71,25.83,-,-,-,0.2,-1.069,0.5,0.15,1.28,1
1979,Oct,21.61,26.87,28.58,25.26,-,-,-,-0.6,-3.067,0.39,0.91,1.53,1.06
1979,Nov,22.2,26.88,28.79,25.25,-,-,-,-1,-1.94,2.68,1.06,0.54,0.48
1979,Dec,23.25,27.04,28.81,25.48,-,-,-,-1.6,-3.921,0.18,-99.9,-0.38,-0.42
1980,Jan,24.77,27.13,28.8,26.06,-,-,-,0.5,-5.111,-0.99,0.35,-0.28,-0.11
1980,Feb,25.77,27.18,28.76,26.54,-,-,-,0,-8.808,-0.01,1.1,1.74,1.32
1980,Mar,26.61,27.28,28.66,26.92,-,-,-,-2,1.919,1.32,0.24,-0.35,1.09
1980,Apr,25.8,27.86,28.83,27.38,-,-,-,-1.7,-0.811,0.6,-0.48,1.96,1.49
1980,May,24.54,27.96,29.05,27.13,-,-,-,-0.5,0.384,1.53,-0.6,-0.28,1.2
1980,Jun,23.27,28.12,28.99,26.87,-,-,-,-0.7,1.308,2.31,1.27,-0.86,-0.22
1980,Jul,21.52,27.32,28.82,25.58,-,-,-,-0.4,-0.727,-0.31,-0.31,-0.42,0.23
1980,Aug,20.77,26.59,28.41,24.7,-,-,-,0,-0.748,-1.56,-0.89,-1.99,0.51
1980,Sep,20.66,26.6,28.54,24.95,-,-,-,-0.9,-1.227,-1.35,-0.02,-0.05,0.1
1980,Oct,20.36,26.51,28.56,24.66,-,-,-,-0.4,0.112,0.36,1.33,2.45,1.35
1980,Nov,21.56,26.6,28.61,25.12,-,-,-,-0.8,2.172,0.32,0.27,1.35,0.37
1980,Dec,22.54,26.91,28.45,25.57,-,-,-,-0.5,-1.494,-2.13,-99.9,-0.27,-0.1
1981,Jan,23.48,26.11,28.05,25.05,-,-,-,0.4,-5.093,-0.26,0.83,2.42,0.59
1981,Feb,25.21,26.16,27.9,25.6,-,-,-,-1,-0.531,0.19,0.29,0.38,1.46
1981,Mar,26.31,26.92,28.17,26.8,-,-,-,-3.4,-2.467,0.5,0.13,1.6,0.99
1981,Apr,25.03,27.28,28.11,26.94,-,-,-,-0.7,1.342,0.07,0.02,-1.02,1.45
1981,May,24.06,27.46,28.43,26.74,-,-,-,1.1,0.728,-0.29,0.71,1.98,1.75
1981,Jun,22.75,27.41,28.47,26.24,-,-,-,1.7,0.874,-1.86,-0.43,-0.2,1.69
1981,Jul,21.38,26.65,28.21,25.08,-,-,-,1.2,1.091,0.13,-0.81,-0.64,0.84
1981,Aug,20.52,26.01,28.06,24.02,-,-,-,0.6,-0.833,-1.17,0.04,-1.5,0.18
1981,Sep,19.93,26.57,28.39,24.67,-,-,-,0.6,1.382,-0.36,-0.98,0.15,0.42
1981,Oct,20.55,26.8,28.45,24.92,-,-,-,-1.2,-0.931,-1.1,-0.09,-1.45,0.18
1981,Nov,21.41,26.41,28.46,24.79,-0.142567997,0.210623877,-0.095936333,0.1,-2.93,-0.61,-1.42,1.26,0.8
1981,Dec,23,26.58,28.42,25.44,-0.38180646,-0.167403157,0.001637292,0.7,-1.241,0.86,-99.9,-0.12,0.67
1982,Jan,24.29,26.72,28.3,25.87,-0.235198925,-0.426650125,0.110149085,2.2,1.537,0.44,0.92,-0.86,0.34
1982,Feb,25.49,26.7,28.21,26.38,-0.106292218,-0.347538825,-0.25526994,-0.1,-0.756,-1.07,1.37,-0.68,0.2
1982,Mar,25.21,27.2,28.41,26.98,-0.11244575,-0.4909591,-0.6152953,0.1,-4.487,1.04,0.49,-1.4,0.19
1982,Apr,24.5,28.02,28.92,27.68,-0.025204432,-0.35840385,-0.442070825,-0.3,-2.286,-0.71,-0.68,-1.89,-0.19
1982,May,23.97,28.54,29.49,27.79,0.130305435,-0.311925208,-0.636160213,-1.1,-0.294,0.26,-1.25,-0.7,-0.58
1982,Jun,22.89,28.75,29.76,27.46,0.126903004,-0.64135636,-0.186262303,-2.6,-3.193,1.22,0.22,1.93,-0.78
1982,Jul,22.47,28.1,29.38,26.44,0.01218959,-0.562119425,-0.0619771,-3.2,-0.65,-0.6,0.35,0.97,0.58
1982,Aug,21.75,27.93,29.04,26.15,0.1114819,-0.215939155,0.086098709,-4,-0.735,0.1,-0.13,0.34,0.39
1982,Sep,21.8,28.11,29.16,26.52,0.135010214,-0.28522946,0.153550656,-3.3,-1.199,0.15,0.1,1.05,0.84
1982,Oct,22.94,28.64,29.38,27.11,0.401803698,-0.27435275,0.048362095,-3.6,-2.823,0.21,-0.73,-0.93,0.37
1982,Nov,24.59,28.81,29.23,27.62,0.309437825,-0.368792125,-0.643114375,-5.1,-5.642,0.53,0.51,-0.48,-0.25
1982,Dec,26.13,29.21,29.15,28.39,0.261904156,0.16512318,-0.46840658,-4.6,-3.853,1.5,-99.9,0.75,0.26
1983,Jan,27.42,29.36,29,28.92,-0.06249405,0.217244003,0.012076745,-6.9,-8.411,0.37,-0.46,1.18,0.56
1983,Feb,28.09,29.13,28.79,28.92,0.3485839,0.64191915,-0.3605478,-7.6,-12.164,-0.4,0.04,1.3,1.14
1983,Mar,28.68,29.03,28.76,29.1,0.137008758,0.7842928,0.022889022,-5.6,-11.385,-1.14,-0.47,2.38,2.11
1983,Apr,28.56,28.91,28.85,29.12,0.049054678,0.763390575,0.2942463,-2.2,-5.171,0.98,-0.22,1.26,1.87
1983,May,28.19,28.89,29.08,28.97,-0.007558835,0.129693325,0.3618149,0.7,-0.328,0.08,0.88,-0.19,1.8
1983,Jun,27.44,28.24,28.88,28.15,0.65336558,0.176447882,0.43957314,-0.5,0.351,-1.62,-0.52,1.87,2.36
1983,Jul,25.95,27.07,28.65,26.62,0.6662136,-0.13638754,0.429198375,-1.3,0.501,-0.3,-1.43,1.33,3.51
1983,Aug,23.78,26.53,28.38,25.87,0.52282632,-0.013531376,0.35331748,-0.3,-0.987,-1.2,-2.3,0.53,1.85
1983,Sep,22.24,26.44,28.23,25.24,0.100628545,-0.042985632,0.10962867,1.7,-0.596,-1.4,-1.17,-1.59,0.91
1983,Oct,21.86,25.87,27.75,24.61,-0.023216193,-0.076811275,0.334890869,0.4,-0.867,0.22,-0.73,0.09,0.96
1983,Nov,21.9,25.58,27.76,24.17,-0.14238542,-0.105921498,0.076772118,-0.3,-3.758,-0.5,-0.39,1.84,1.02
1983,Dec,23.01,25.59,27.82,24.44,-0.130778893,-0.030708098,-0.074138718,-0.2,-4.06,-0.6,-99.9,-0.31,1.69
1984,Jan,24.18,25.64,27.64,24.82,-0.430365175,-0.183653083,-0.522713695,0.2,4.257,-0.96,-1.1,0.97,1.5
1984,Feb,25.18,26.39,27.25,26.22,-0.86452644,-0.57646,-0.6927295,0.9,2.995,0.16,-0.96,0.77,1.21
1984,Mar,26,26.86,27.21,27.12,-0.48909455,-0.46284795,-0.839144225,-1.5,1.301,-1.03,1.04,1.41,1.77
1984,Apr,25.16,27.39,27.7,27.34,-0.133535475,-0.428806625,-0.553909,0.3,1.688,-1.12,-1.32,1.7,1.52
1984,May,23.23,27.39,27.95,26.46,-0.95583442,-0.47270686,-0.4186752,-0.1,1.318,-2.32,-0.53,0.32,1.3
1984,Jun,21.96,26.86,28.13,25.38,-0.98482305,-0.57733927,-0.100342418,-1.3,1.482,0.38,-0.39,-0.44,0.18
1984,Jul,21.24,26.74,28.35,24.96,-0.63191535,-0.188936325,-0.15172227,0.1,-1.165,-0.15,-0.1,-2.34,-0.18
1984,Aug,20.17,26.34,28.17,24.5,-0.57598312,-0.2433538,0.0709699,0.1,1.063,-0.06,0.21,-1.11,-0.03
1984,Sep,20.37,26.43,28.61,24.35,-0.4660293,-0.05908933,-0.524839375,0.2,0.632,0.34,0.92,0.03,0.67
1984,Oct,20.52,25.93,28.28,23.95,-0.273070656,-0.047082085,0.096887706,-1,1.62,-1.82,-0.64,-0.63,0.58
1984,Nov,21.5,25.41,27.99,24.03,-0.4220934,-0.004391145,-0.121435375,0.4,-2.479,0.13,-0.84,0.42,0.71
1984,Dec,22.58,25,27.44,23.7,-0.48634855,-0.230541425,0.092155025,-0.7,-0.324,0.72,-99.9,-1.6,0.82
1985,Jan,23.59,25.43,27.71,24.51,-0.35339452,-0.217023266,-0.20372928,-0.7,0.568,-0.09,0.81,1.63,1.27
1985,Feb,24.87,25.67,27.55,25.19,-0.427304145,-0.077858573,0.267233175,1.7,6.115,-0.63,-1.87,-0.52,0.94
1985,Mar,25.74,26.23,27.38,26.11,-0.248664425,-0.19112095,-0.030655425,0.3,4.007,2.12,-0.54,-0.92,0.57
1985,Apr,24.25,26.8,27.72,26.52,-0.20354249,-0.021751868,-0.09102579,1.7,1.571,-0.72,-1.27,-1.06,0.19
1985,May,22.29,27.11,28.06,26.12,-0.324578762,-0.4099619,-0.244334734,0.3,0.973,0.31,-0.17,-1.03,0
1985,Jun,21.75,26.86,28.08,25.6,-0.93726225,-0.329904625,-0.603963675,-1.5,-1.071,0.05,-0.38,1.1,0.18
1985,Jul,20.44,26.69,28.28,24.74,-0.42542028,-0.037385782,-0.15423178,-0.4,-1.102,-0.42,1.61,0.25,1.07
1985,Aug,19.29,26.5,28.32,24.4,-0.350363075,-0.199150498,0.019355073,1.1,0.499,0.01,0.54,-0.5,0.81
1985,Sep,19.44,26.25,28.33,24.15,-0.265565775,-0.185573875,0.133154528,-0.1,0.844,-0.18,-0.78,-0.71,0.44
1985,Oct,19.9,26.19,28.28,24.15,-0.50708138,-0.126906782,0.61003112,-1.2,0.881,-0.23,-0.93,-1.51,0.29
1985,Nov,20.69,26.19,28.52,24.28,-0.3662368,-0.233873995,0.81439375,-0.5,-0.695,-1.12,1.4,-1.9,-0.75
1985,Dec,22.4,26.11,28.53,24.29,-0.35553395,-0.23979425,0.120610009,0.2,-0.512,-0.76,-99.9,1.39,0.38
1986,Jan,24.61,25.79,28.11,24.73,-0.48463872,-0.32009657,0.186174121,1.5,-3.013,0.12,0.34,0.97,1.12
1986,Feb,26.06,25.94,27.93,25.81,0.001682152,-0.080069003,-0.17467048,-2.7,-5.391,-1.47,1.07,0.53,1.61
1986,Mar,25.91,26.65,27.97,26.84,-0.029766878,-0.3763121,-0.172820173,-0.1,-2.448,-1.17,0.17,0.83,2.18
1986,Apr,24.58,27.44,28.21,27.17,-0.205710728,-0.41786392,-0.06677737,0.1,2.399,-0.12,-1.2,0.09,1.55
1986,May,23.38,27.5,28.58,26.68,-0.139059985,-0.416113825,-0.10735235,-0.9,-1.489,-0.16,-1.12,-0.13,1.16
1986,Jun,21.98,27.69,28.84,26.3,-0.177423057,-0.320235328,-0.089830875,1.1,-0.069,-0.3,0.31,0.26,0.89
1986,Jul,21.12,27.37,28.9,25.7,-0.5471577,-0.048187928,-0.106589802,0.2,2.059,-0.69,-0.31,0.07,1.38
1986,Aug,20.97,27.15,29.04,25.02,-0.3356791,-0.26008785,-0.141396805,-1.6,0.026,-0.88,2.08,-1.45,0.22
1986,Sep,20.44,27.33,29.18,25.25,-0.255320475,-0.29969196,-0.2890433,-1,0.22,0.81,0.49,-0.29,0.22
1986,Oct,21.07,27.57,29.38,25.62,-0.02779658,-0.047989134,-0.16895219,0.9,-1.132,-0.58,1.46,0.92,1
1986,Nov,22.03,27.73,29.4,25.92,0.042840139,-0.155286558,-0.197623,-2.5,2.168,-0.66,1.69,-0.73,1.77
1986,Dec,23,27.7,29.19,25.86,0.025773772,0.094498098,0.35170486,-3,-3.139,-0.01,-99.9,1.37,1.77
1987,Jan,25.3,27.91,29.02,26.69,-0.159513604,-0.098521636,-0.178615658,-1.5,0.291,1.7,-0.88,1,1.88
1987,Feb,27.14,28.02,28.93,27.42,0.01405109,0.155020188,0.1204142,-3.1,-1.989,0.85,-0.13,0.65,1.75
1987,Mar,28.01,28.47,29.04,28.2,0.154021063,0.263722468,0.297064615,-3.3,-5.518,0.36,0.8,1.17,2.1
1987,Apr,27.17,28.8,29.21,28.49,0.061979868,0.24321948,0.147743951,-3,-2.083,0.34,-0.42,1.83,2.16
1987,May,25.58,28.75,29.25,28.22,0.453006625,0.273290055,0.252059025,-2.8,-1.593,1.44,-0.11,-1.26,1.85
1987,Jun,24.06,29.03,29.53,27.71,0.190413523,0.353617222,-0.252904193,-2.8,-1.093,1.1,-0.62,0.42,0.73
1987,Jul,22.78,28.8,29.47,27.07,0.01008135,0.170852034,-0.43345094,-2.8,-3.163,-0.08,0.78,-0.01,2.01
1987,Aug,21.73,28.58,29.41,26.52,0.295138125,0.114200143,-0.191593385,-2.5,-2.171,-0.73,0.34,0.77,2.83
1987,Sep,21.45,28.39,29.51,26.57,0.5822838,0.035612816,-0.010249144,-1.9,0.138,1.5,0.04,-3.07,2.44
1987,Oct,22.39,28.07,29.61,26.2,0.35400685,0.0874545,-0.342601175,-1.1,-3.031,0.61,1.29,0.53,1.36
1987,Nov,22.63,27.99,29.8,26.13,0.18380475,-0.014510638,-0.07969859,-0.2,0.566,0.12,-0.57,1.26,1.47
1987,Dec,23.47,27.6,29.44,26.2,0.076414352,0.060150754,0.51408594,-1.2,-0.861,1.81,-99.9,0.8,1.27
1988,Jan,24.64,27.32,29.13,26.12,0.37993255,0.288995063,0.412731975,-0.3,0.3,1.92,0.94,0.53,0.93
1988,Feb,25.74,27.22,28.69,26.55,0.408936975,0.29654955,-0.070987558,-1.4,2.772,0.78,0.2,1.25,1.24
1988,Mar,25.78,27.31,28.2,27.14,0.359855308,0.47493498,0.318752514,0.1,7.241,0.7,0.35,0.69,1.42
1988,Apr,24.54,27.32,28.15,26.73,0.14266004,0.074200895,0.112212888,-0.1,-3.226,-0.37,-0.37,1.4,0.94
1988,May,23.6,26.48,28.36,25.22,-0.25120639,0.125117633,-0.257923,1.3,1.243,-0.62,-1.11,0.6,1.2
1988,Jun,21.27,26.11,28.13,24.46,-0.37981222,0.03700352,0.240050506,-0.4,-0.313,-0.43,-0.51,1.13,0.74
1988,Jul,20.26,25.57,27.88,23.71,-0.082925493,-0.142587308,0.54379015,1.7,0.16,-2.06,0.07,2.16,0.64
1988,Aug,19.12,25.24,27.68,23.37,0.195016398,-0.015645078,0.50258866,2.2,-1.831,0.44,-0.24,-0.59,0.19
1988,Sep,19.19,25.43,27.63,23.61,0.162055125,0.001154593,0.44794875,3.4,2.046,-0.58,-0.74,-1.11,-0.37
1988,Oct,19.5,24.62,27.06,23.17,0.158652803,0.269418158,0.339549925,2.2,0.531,-0.87,1.05,0.66,-0.1
1988,Nov,20.55,24.27,26.76,23.03,-0.028508318,0.204585631,-0.11344297,3,2.417,-1.11,-1.22,0.13,-0.02
1988,Dec,21.8,24.33,26.75,23.07,0.162242675,-0.04416962,-0.757675775,2.1,4.167,-0.48,-99.9,0.63,-0.43
1989,Jan,24.09,24.53,26.54,24.15,-0.204431583,0.127358538,-0.643751925,2.7,8.678,1.45,-1.92,-0.72,-0.95
1989,Feb,26.26,25.33,26.55,25.61,-0.20690838,-0.4800104,-0.7711529,1.8,3.284,1.01,2.44,-1.06,-1.02
1989,Mar,26.66,25.9,27,26.02,-0.253833348,-0.214590788,-0.30840804,1,-1.98,-2.07,0.67,-1.3,-0.83
1989,Apr,25.63,26.69,27.54,26.67,-0.488873975,-0.347363125,-0.54038485,2.6,-0.508,-0.46,1.34,-0.54,-0.32
1989,May,23.18,27.09,28.14,26.37,-0.41754794,-0.126177284,-0.292164366,1.9,2.382,-0.07,0.68,-0.14,0.47
1989,Jun,22,26.98,27.94,26.08,-0.6669521,-0.229732398,-0.314265025,0.8,-1.82,-0.72,0.21,-0.63,0.36
1989,Jul,21.12,26.74,28.2,25.28,-0.31193674,-0.101894868,0.196460523,1.4,3.336,0.2,-1.06,-0.18,0.83
1989,Aug,20.32,26.33,28.14,24.56,-0.209138524,0.202198292,0.304665314,-1.3,0.247,2.05,0.73,-0.24,0.09
1989,Sep,19.87,26.25,28.25,24.45,-0.072361308,0.225279717,0.51240755,0.9,-0.732,0.58,0.24,0.54,0.05
1989,Oct,20.33,26.26,28.39,24.49,-0.024903553,0.175800183,0.379948225,1,0.908,1.17,-0.08,-1.13,-0.12
1989,Nov,21.31,26.24,28.23,24.56,-0.041293492,0.28057044,0.016355632,-0.6,0.928,-0.57,0.08,-0.72,-0.5
1989,Dec,22.19,26.38,28.52,24.71,0.092865925,0.19288325,0.051789498,-1.2,0.474,-1.72,-99.9,0.87,-0.21
1990,Jan,24.02,26.55,28.56,25.34,0.134261918,-0.209109272,0.03265772,-0.4,2.57,1.54,-0.73,-0.34,-0.3
1990,Feb,25.88,26.95,28.62,26.37,0.27736173,0.1676285,-0.269344475,-3.9,1.408,0.72,-1.37,-1.86,-0.65
1990,Mar,26.16,27.46,28.78,27.03,0.032697763,-0.01952326,-0.21059002,-1.9,0.761,-0.03,0.13,0.34,-0.62
1990,Apr,25.22,28.02,28.93,27.67,-0.060699385,0.12446389,-0.436536548,-0.1,-1.401,-1.04,1.72,-0.39,0.27
1990,May,24.05,28.06,28.96,27.35,-0.114359043,0.133071988,-0.068141408,1.8,-1.015,-0.28,0.41,0.21,0.44
1990,Jun,22.68,27.58,28.94,26.45,-0.37457366,0.072924574,0.034202386,-0.1,0.407,0.36,0.65,-1.41,0.44
1990,Jul,21,27.25,28.98,25.45,-0.0777209,0.036288275,-0.34725375,0.8,-1.779,-0.25,0.73,0.17,0.27
1990,Aug,20.25,27.05,29.17,25.06,0.04470283,0.173135125,0.100779563,-1,-1.279,0.27,-1.16,1.79,0.11
1990,Sep,20.13,26.75,29.04,24.85,-0.076280904,0.40209576,-0.017634021,-1.3,-0.368,0.8,0.38,-0.5,0.38
1990,Oct,20.28,26.98,29.23,24.9,-0.175088503,0.395041925,-0.2512676,0.1,0.942,-0.21,-0.57,-0.97,-0.69
1990,Nov,20.84,26.72,29.06,24.82,-0.00093521,0.264892625,-0.296824608,-1.1,3.355,0.6,-0.66,-1.73,-1.69
1990,Dec,22.45,26.91,29.14,25.08,0.095304786,0.27799811,-0.47577432,-0.7,3.352,0.73,-99.9,-1.32,-2.23
1991,Jan,23.86,27.01,29,25.65,0.137127123,0.136764928,-0.15964395,1,1.973,-0.65,-0.6,0.66,-2.02
1991,Feb,25.97,26.93,28.73,26.27,0.186138775,0.061943153,0.495237175,-0.1,-1.423,-0.29,0.6,1.07,-1.19
1991,Mar,26.51,27.25,28.64,26.99,0.068926504,0.238178226,0.31705596,-2.2,-4.147,2.14,-0.26,-0.94,-0.74
1991,Apr,24.99,27.98,29.13,27.32,0.6156665,-0.06503843,0.050777523,-1.7,1.941,0.57,0.06,0.64,-1.01
1991,May,24.37,28.35,29.42,27.58,0.701910875,-0.12471159,0.63497875,-2.4,1.095,0.14,-1.08,-0.81,-0.51
1991,Jun,23.05,28.36,29.35,27.34,0.42184237,-0.030783232,0.17952384,-0.9,-0.023,0.25,0.87,-0.97,-1.47
1991,Jul,22.05,27.92,29.26,26.57,-0.04618401,-0.263990588,0.17951343,-0.2,-0.747,-2.31,-0.51,0.75,-0.1
1991,Aug,21.08,27.44,29.25,25.47,-0.17163336,-0.35555586,-0.192195732,-1.4,-0.861,-1.34,-1.62,-0.25,0.36
1991,Sep,20.75,27.07,29.19,25.05,-0.047343975,-0.6134694,0.056410643,-2.9,-1.395,-0.35,0.87,1.43,0.65
1991,Oct,21.13,27.63,29.44,25.6,0.173711528,-0.6037873,-0.204957675,-2.4,-0.972,-0.63,1.33,-2.28,0.49
1991,Nov,22.18,27.86,29.45,25.98,0.048141008,-0.40604554,0.15585344,-1.4,1.875,-1.08,1.15,0.24,0.42
1991,Dec,23.43,28.37,29.45,26.52,-0.015149833,-0.48649545,-0.668162475,-3.7,-3.825,0.43,-99.9,0.47,0.09
1992,Jan,24.83,28.41,29.06,27,-0.02290157,0.027334823,-0.134441873,-5.6,-4.153,0.7,-0.33,1.28,0.05
1992,Feb,26.68,28.63,29.02,27.67,-0.298609468,0.306971263,0.20346525,-2.3,-8.402,-0.32,0.95,0.29,0.31
1992,Mar,27.76,28.83,29.08,28.33,-0.3813431,0.43287965,0.194207075,-4.8,-8.342,1.35,1.32,0.77,0.67
1992,Apr,27.68,29.14,29.42,28.72,-0.315328908,0.2461868,0.436207725,-2.3,-3.277,-0.81,1.49,-0.05,0.75
1992,May,26.31,28.99,29.46,28.43,0.115462314,0.33535827,0.79907678,0.1,-2.12,-0.68,1.31,1.27,1.54
1992,Jun,23.82,28.02,29.31,26.66,0.157993231,0.637199825,0.427376,-1.9,-2.053,-0.37,0.05,1.17,1.26
1992,Jul,21.95,27.53,29.35,25.53,0.361849975,0.4495969,0.123414308,-1.3,-2.161,0.47,1.53,0.85,1.9
1992,Aug,20.55,26.64,28.9,24.7,-0.243930516,0.20561878,-0.14143776,0,0.417,0.82,-0.25,-0.34,1.44
1992,Sep,20.06,26.48,28.79,24.52,-0.439887275,0.4350716,-0.07234603,0,0.281,-0.75,-1.53,-1.31,0.83
1992,Oct,20.82,26.34,28.69,24.62,-0.396805012,0.246345512,-0.10648444,-3.2,-2.741,0.49,0.59,0.21,0.93
1992,Nov,21.49,26.51,28.7,24.79,-0.138904405,-0.037151827,0.3472689,-1.4,0.898,1.34,0.42,0.85,0.93
1992,Dec,22.48,26.73,28.76,25.01,-0.121141,-0.150624858,0.711677575,-1.4,-0.86,0.23,-99.9,-1.23,0.53
1993,Jan,24.43,26.69,28.6,25.56,-0.130549548,-0.181014638,0.30382238,-2,-6.047,0.23,-0.79,-0.65,0.05
1993,Feb,26.49,26.97,28.41,26.61,0.04008428,-0.24682625,0.010074585,-2.1,-7.893,0.72,2.24,0.55,0.19
1993,Mar,27.17,27.66,28.6,27.54,-0.43770615,-0.106259033,-0.224975657,-1.8,-2.469,-0.41,0.3,1.27,0.76
1993,Apr,26.44,28.59,28.93,28.45,-0.263147425,-0.345823275,0.042357783,-2.6,-0.714,-1.92,0.82,1.54,1.21
1993,May,25.15,28.82,29.13,28.16,0.10014166,-0.14635679,0.40605116,-1,-7.225,0.57,0.59,2.66,2.13
1993,Jun,23.76,28.28,29.17,27.11,0.143153975,-0.049254035,0.4530339,-2.2,-1.215,-0.21,1.27,0.52,2.34
1993,Jul,22.06,27.55,29.2,25.77,0.05840796,-0.155348544,0.13510606,-1.8,-0.212,-0.95,0.6,0.15,2.35
1993,Aug,21.05,26.84,28.94,24.93,-0.176431495,-0.067045073,0.157950575,-2.4,-2.359,0.2,0,-0.14,2.69
1993,Sep,20.83,26.92,29.07,24.97,-0.3460799,0.203156559,-0.37171035,-1.3,-0.408,-0.22,2.35,-1.12,1.56
1993,Oct,20.99,26.93,28.9,25.21,-0.338655326,-0.117784608,0.05300834,-2.5,-3.037,0.81,2.7,-0.3,1.41
1993,Nov,21.64,26.91,28.97,25.17,-0.048972205,0.162505905,-0.307247005,-0.3,-0.252,0.87,0.43,-0.36,1.24
1993,Dec,22.75,26.76,28.9,25.32,-0.312719018,-0.007909618,-0.17527075,0.1,0.239,1,-99.9,0.72,1.07
1994,Jan,24.32,26.6,28.47,25.71,0.061859504,-0.15974082,-0.5160644,-0.5,1.699,0.8,2.15,-0.12,1.21
1994,Feb,25.79,26.59,28.07,26.07,-0.3992506,-0.131454248,-0.91555305,-0.1,-1.061,-0.67,0.74,-0.73,0.59
1994,Mar,25.43,27.27,28.26,26.89,-0.3026406,-0.548838475,-0.908514475,-2.2,-1,-0.13,-0.91,0.54,0.8
1994,Apr,24.32,27.9,28.62,27.06,0.062908882,-0.388678372,-0.248911681,-2.9,-0.003,-0.31,1.06,-0.47,1.05
1994,May,23.22,28.04,29,26.97,0.189824463,-0.6449318,0.088143375,-1.7,-0.914,0.7,-0.67,0.45,1.23
1994,Jun,22.43,27.99,29.18,26.5,0.021989133,-0.77393575,-0.797559425,-1.5,1,0.13,0.05,-1.38,0.46
1994,Jul,21.21,27.35,29.4,25.19,0.071450334,-1.0489855,-0.725919,-2.9,-0.782,0.41,0.74,0.38,0.06
1994,Aug,19.7,27.35,29.46,24.71,0.110986375,-1.48071725,-0.879526375,-3,-0.926,2.11,0.18,-1.34,-0.79
1994,Sep,20.16,27,29.23,24.81,-0.316866973,-1.488824,-0.8847489,-3,-1.407,-0.67,-0.24,-2.38,-1.36
1994,Oct,21.53,27.49,29.45,25.53,0.52817024,-1.5194734,-0.77112224,-2.6,-1.6,0.14,-0.54,-0.23,-1.32
1994,Nov,22.41,27.87,29.63,25.87,0.094232,-0.61209925,-0.400247325,-1.2,1.356,0.8,-1.97,-1.67,-1.96
1994,Dec,23.61,27.87,29.5,26.07,-0.019112198,-0.127422252,-0.4778896,-2.6,-2.533,0.41,-99.9,0.69,-1.79
1995,Jan,25.33,27.55,29.2,26.34,-0.159109301,0.146383698,-0.56373493,-1,-11.749,0.27,0.84,0.66,-0.49
1995,Feb,26.43,27.45,29.01,26.87,0.120865025,-0.020069025,-0.223094143,-0.8,-2.735,-1.55,0.36,0.73,0.46
1995,Mar,26.12,27.63,28.96,27.08,-0.041631298,-0.285966598,-0.32916735,0.4,-4.533,-1.03,0.68,0.33,0.75
1995,Apr,24.47,27.93,28.89,27.1,-0.112275212,-0.14335184,-0.55381754,-1.8,-0.973,0.6,1.19,0.29,0.83
1995,May,23.1,27.73,29.15,26.4,0.069838008,0.141257675,-0.26452995,-1.2,-1.434,0.52,0.97,0.01,1.46
1995,Jun,22.45,27.59,29.01,26.2,0.3567445,0.223035618,-0.435279125,-0.4,-0.292,-1.26,0.16,0.74,1.27
1995,Jul,21.23,27.01,28.78,25.42,0.132534602,0.3106002,-0.49037212,0.6,-1.075,0.14,0.92,-0.34,1.71
1995,Aug,20.01,26.33,28.43,24.33,0.097926338,0.255380268,-0.110651995,-0.1,-1.786,-0.96,-1.74,-0.3,0.21
1995,Sep,20.17,25.96,28.25,24.02,-0.03661239,0.034508794,-0.18298886,0.5,-0.161,0.23,1.68,1.52,1.16
1995,Oct,20.15,25.67,28.07,24.01,0.070236735,0.23377805,0.47068095,-0.5,1.31,-0.73,-0.45,-0.05,0.47
1995,Nov,21.2,25.66,27.97,24.03,-0.078728962,0.39366283,0.220338258,-0.1,0.83,-1.99,1.21,-0.75,-0.28
1995,Dec,22.02,25.57,28.07,24.19,0.062333574,-0.31824486,-0.44341544,-1.3,-1.4,-1.48,-99.9,0.92,0.16
1996,Jan,23.84,25.74,27.92,24.96,0.096381265,-0.259079575,-0.059479525,1.7,1.09,-0.34,0.09,-0.02,0.59
1996,Feb,25.71,25.85,27.57,25.72,0.0016819,-0.262091858,-0.060299,-0.2,-3.874,0.55,0.56,-0.3,0.75
1996,Mar,26.09,26.62,27.71,26.71,-0.057223436,0.079118268,-0.08478622,1.2,-1.118,-0.22,2.4,-0.47,1.01
1996,Apr,23.85,27.36,28.07,26.72,-0.327597025,0.05720261,-0.21339915,1.1,0.299,-2.39,0.25,0.77,1.46
1996,May,22.89,27.37,28.43,26.33,-0.229601293,0.015763465,-0.232355053,0.2,-1.566,-2.03,1.45,0.32,2.18
1996,Jun,21.56,27.32,28.55,25.89,-0.142578854,0.026764746,-0.138961706,1.6,1.471,-0.31,-0.53,-1.21,1.1
1996,Jul,20.02,27.09,28.5,25.35,-0.298707063,0.23026672,-0.285409205,1,0.022,0.94,-0.16,0.64,0.77
1996,Aug,19.53,26.56,28.54,24.6,-0.53567498,0.35905244,-0.43375638,0.7,0.935,-1.37,0.28,-0.9,-0.14
1996,Sep,19.24,26.35,28.43,24.37,-0.236227063,0.257827238,-0.043322573,1,1.728,-1.11,-0.54,-0.28,0.24
1996,Oct,19.95,26.24,28.42,24.37,-0.713154725,0.681137775,-0.095492175,0.7,2.151,-1.09,-0.69,-0.76,-0.33
1996,Nov,20.26,26.19,28.33,24.38,-0.37094454,0.38385376,0.195395782,-0.3,1.419,0.24,1.76,-0.45,0.09
1996,Dec,21.61,26.02,28.44,24.2,-0.361560525,0.04475144,0.434692263,1.3,-1.733,0.72,-99.9,-1.23,-0.03
1997,Jan,23.67,25.96,28.41,24.7,-0.2144093,-0.119030245,0.352979575,0.8,-2.977,-1.48,0.05,0.63,0.23
1997,Feb,25.74,26.36,28.33,25.75,-0.48165315,-0.56954765,0.20196585,2.6,6.571,0.25,0.29,0.56,0.28
1997,Mar,26.95,27.03,28.52,26.98,-0.173155345,-0.35554748,-0.49496888,-1.9,2.004,-0.06,0.04,-1.3,0.65
1997,Apr,26.64,28.03,29.32,27.59,-0.039873393,-0.109203855,-0.765761425,-1.4,-0.95,-1.25,1.7,0.55,1.05
1997,May,26.71,28.6,29.45,28.06,0.063985014,-0.035438168,-0.8789345,-3,-4.599,0.84,2.87,0.78,1.83
1997,Jun,26.27,28.94,29.4,28.14,0.364097775,0.155585325,-0.087984314,-3.2,-2.225,-0.76,-0.25,-0.34,2.76
1997,Jul,25.59,28.92,29.5,28.01,0.3770967,-0.59710115,-0.045538775,-1.7,-0.972,-0.27,-1.13,0.56,2.35
1997,Aug,24.8,28.84,29.26,27.84,0.3368973,-0.55816652,0.090441322,-3.4,-3.765,-0.59,-0.82,-0.52,2.79
1997,Sep,24.4,28.93,29.32,27.84,0.33942335,-0.8094077,0.337435653,-2.6,-4.213,0.53,-0.1,0.31,2.19
1997,Oct,24.58,29.23,29.32,28.17,0.572060075,-1.50696775,0.146048625,-3.1,-1.741,-2.45,0.04,-0.26,1.61
1997,Nov,25.63,29.32,29.49,28.55,0.74240132,-1.3436512,0.002433954,-2.3,-8.608,1.98,0.78,0.91,1.12
1997,Dec,26.92,29.26,29.32,28.76,0.6255203,-0.45747745,-0.83064555,-2.1,-2.092,1.02,-99.9,1.16,0.67
1998,Jan,28.22,29.1,29.01,28.94,1.04066996,0.31703498,0.08163974,-5.4,-8.112,0.46,0.44,0.74,0.83
1998,Feb,28.98,28.86,28.87,28.93,1.036946175,0.60546935,-0.226617863,-4.4,-10.934,1.15,0.02,0.89,1.56
1998,Mar,29.15,28.67,28.65,29.14,0.695984075,0.806580775,0.033141468,-5.7,-3.578,1.26,1.35,1.01,2.01
1998,Apr,28.61,28.56,28.53,29.09,0.635060125,0.832632075,0.13274995,-3.2,-0.944,2.28,-0.25,1.12,1.27
1998,May,27.69,28.47,28.71,28.17,0.84808472,0.855734,0.26543129,0.1,-2.547,1.56,-1.33,-2.22,0.7
1998,Jun,25.18,26.72,28.61,26,0.8664453,0.619394375,0.154164168,1.2,1.351,-0.5,0.31,-0.02,0.4
1998,Jul,23.43,25.94,28.07,25.24,0.31122875,0.8733304,0.191267738,2,0.856,-1.03,0.08,2.24,-0.04
1998,Aug,21.77,25.49,27.77,24.63,0.153665662,0.98001786,-0.078709284,1.6,1.579,-0.3,-2.57,-0.57,-0.22
1998,Sep,20.87,25.61,27.88,24.19,0.028703765,0.87394055,0.026244854,2,-1.561,1.83,-1.12,0.55,-1.21
1998,Oct,21.16,25.34,27.33,24.06,-0.017455936,1.09288804,-0.346648608,1.6,1.959,0.99,-1.53,0.55,-1.39
1998,Nov,21.43,25.18,27.23,24.11,-0.0843765,0.78512245,0.17925425,1.7,0.938,0.33,-0.41,0.74,-0.52
1998,Dec,22.56,24.79,27.11,23.86,-0.196578378,0.403896875,0.373983278,2.3,8.101,0.72,-99.9,-0.09,-0.44
1999,Jan,23.73,24.9,26.59,24.41,-0.08148281,0.173185066,0.452229896,3.2,4.302,0.48,-1.03,0.16,-0.32
1999,Feb,25.64,25.41,26.52,25.57,0.08460695,0.07955815,0.4674202,1.2,3.174,1.98,-0.7,-0.12,-0.66
1999,Mar,26.62,26.25,26.9,26.67,0.059472755,-0.2232999,0.72039265,1.4,0.822,1.43,-0.6,0.69,-0.33
1999,Apr,24.3,26.84,27.35,26.66,-0.102214378,-0.26260965,0.4189746,2.2,4.186,1.2,-0.32,0.3,-0.41
1999,May,23.46,26.97,27.87,26.44,-0.54533526,-0.131769114,-0.072422017,0.1,2.295,-0.78,-0.59,-0.15,-0.68
1999,Jun,21.83,26.6,28.01,25.59,-0.422954258,-0.134178385,0.28255045,-0.1,0.057,0.01,-0.87,0.3,-1.3
1999,Jul,20.44,26.35,27.92,24.85,0.09255618,-0.041728464,-0.00175305,0.8,-0.469,-0.4,0.27,-0.54,-0.66
1999,Aug,19.75,25.59,27.73,24.02,-0.011397215,-0.112380683,0.40399655,0.1,-1.651,0.76,-0.38,1.97,-0.96
1999,Sep,19.23,25.71,27.82,23.72,-0.06592845,-0.12437846,-0.192332775,-0.1,-1.651,0.73,-1.03,0.44,-1.53
1999,Oct,20.05,25.64,27.85,23.75,-0.33819252,0.062100632,-0.44197194,1.5,0.012,-0.76,-0.35,0.41,-2.23
1999,Nov,20.51,25.12,27.56,23.46,-0.091739395,0.129015843,0.173124175,1.8,-2.029,2.05,-1.24,0.48,-2.05
1999,Dec,21.72,24.9,27.23,23.54,-0.131337347,0.100310203,0.5840576,2.5,6.941,-0.91,-99.9,0.21,-1.63
2000,Jan,23.86,24.65,26.96,23.88,-0.011070178,-0.104189716,0.132737328,1.1,0.929,0.24,-1.06,-0.82,-2
2000,Feb,25.71,25.19,26.66,25.31,-0.155713459,-0.482513575,0.306113925,2.6,-4.992,0.08,-0.18,1.12,-0.83
2000,Mar,26.19,26.08,26.76,26.61,-0.2157018,-0.7901414,0.667852025,1.6,3.324,0.13,-0.28,1.28,0.29
2000,Apr,25.84,27.01,27.37,27.46,-0.00457092,-0.36993812,0.91359188,1.9,-0.614,-1.53,0.26,-0.35,0.35
2000,May,24.1,27.12,27.81,26.8,-0.016859608,-0.199670425,0.0345194,0.3,-0.812,-2.03,-0.51,-0.28,-0.05
2000,Jun,22.25,27.03,28.11,25.84,-0.230537628,-0.083445078,0.43802465,-1,-1.944,0.2,-0.02,-1.22,-0.44
2000,Jul,20.59,26.72,28.2,25.13,0.196883548,0.103704246,0.368208978,-0.7,1.526,0.37,-1.08,-2.28,-0.66
2000,Aug,20.1,26.45,28.32,24.47,0.390124775,0.120319021,0.137996174,0.6,0.997,-1.07,-0.04,-0.48,-1.19
2000,Sep,19.94,26.21,28.44,24.35,0.182182596,0.066447958,0.174460088,1.7,-0.59,0.66,0.04,-1.4,-1.24
2000,Oct,20.37,25.96,28.17,24.41,0.028256308,0.15906935,0.154108107,1.6,1.53,0.81,-0.9,0.25,-1.3
2000,Nov,20.6,25.78,28.09,24.17,0.056728778,0.23539125,0.176971003,3.3,4.215,-0.3,0.32,0.74,-0.53
2000,Dec,22.22,25.59,27.6,24.43,0.099373722,0.142464503,0.3074635,1.1,1.911,-0.49,-99.9,1.23,0.52
2001,Jan,23.88,25.74,27.5,24.99,-0.086676855,-0.28480485,0.089310965,1.8,1.31,0.76,-1.04,1.51,0.6
2001,Feb,25.91,26.11,27.27,26.06,0.042971125,-0.385682848,0.403746925,2.4,2.013,2.04,0.55,-0.16,0.29
2001,Mar,27.44,26.84,27.62,27.23,0.337853944,-0.117998012,0.53440538,0.8,0.853,-1.04,-1.01,0.7,0.45
2001,Apr,26.69,27.52,28.19,27.52,-0.003869818,-0.140569278,0.423285925,-0.1,2.209,0.99,0.24,-0.47,-0.31
2001,May,23.77,27.6,28.64,26.89,0.267224825,0.35691084,0.0848307,-1.4,-0.607,-1.7,-1.4,-0.11,-0.3
2001,Jun,21.74,27.68,28.83,26.35,0.151297472,0.227442612,0.14062545,-0.1,1.43,0.08,0.54,-0.94,-0.47
2001,Jul,20.88,27.32,29.06,25.43,-0.045476983,0.4696555,-0.03241859,-0.7,0.528,-0.96,-1.12,0.06,-1.31
2001,Aug,19.9,26.87,28.96,24.72,0.05997716,0.618425875,-0.202585335,-1.6,-0.027,-0.53,-2.01,-0.11,-0.77
2001,Sep,19.39,26.55,29.14,24.27,0.072825946,0.56757312,0.062433574,0.3,-0.811,2.26,-1.05,0.1,-1.37
2001,Oct,19.52,26.59,29.01,24.45,-0.016903788,0.5003002,0.150206605,-0.6,0.734,-0.89,-0.13,-0.22,-1.37
2001,Nov,20.49,26.45,28.96,24.35,0.21889016,0.121969801,0.121809735,1.2,-2.977,0.82,-0.22,1.09,-1.26
2001,Dec,21.96,26.17,28.6,24.6,0.336521594,0.154458046,0.193940522,-1.9,-0.805,-0.18,-99.9,0.56,-0.93
2002,Jan,23.64,26.5,28.81,25.09,0.29285525,0.420445825,0.214146068,0.7,2.848,0.38,-0.27,-0.04,0.27
2002,Feb,26.06,26.95,28.76,26.21,-0.11508503,-0.15144779,-0.229635038,1.5,2.942,1.34,-0.49,0.14,-0.64
2002,Mar,27.53,27.32,28.68,27.22,0.190751782,0.407574076,0.004680582,-1.4,1.664,0.92,2,-1.3,-0.43
2002,Apr,26.53,27.94,29.09,27.56,0.037793375,0.409831525,-0.059889453,-0.6,0.226,0.06,0.59,-2.22,-0.32
2002,May,24.8,28.15,29.45,27.24,-0.315390375,0.158064233,-0.10874014,-2,-0.127,-1.31,1.86,-0.73,-0.63
2002,Jun,22.67,28.43,29.63,27.06,0.022286456,0.31354422,0.3249477,-1.1,0.495,-0.8,0.01,-0.05,-0.35
2002,Jul,21.01,27.98,29.49,26.03,-0.061257444,0.31556265,0.163581338,-1.1,-1.938,-1.66,-0.6,0.88,-0.31
2002,Aug,19.94,27.79,29.4,25.47,-0.01322429,0.36372012,0.19910472,-2.6,-0.31,-1.79,-0.81,0.64,0.6
2002,Sep,19.89,27.83,29.44,25.54,0.46141475,-0.011898413,0.433880825,-1.1,-2.719,0.9,-0.99,0.77,0.43
2002,Oct,21.16,28.05,29.56,25.85,0.29684665,-0.285767093,0.07303465,-1.2,-0.016,-2.42,1.94,-0.65,0.42
2002,Nov,22.25,28.27,29.83,26.37,0.229894969,-0.050563746,-0.42900292,-1,-1.922,-1.71,2.21,1.54,1.51
2002,Dec,23.44,28.09,29.49,26.48,0.32057765,0.5788153,-0.370258443,-2.4,-5.861,0.67,-99.9,1.59,2.1
2003,Jan,24.38,27.76,29.25,26.38,0.201526196,0.365254875,-0.1790862,-0.6,-2.517,0.3,1.85,1.29,2.09
2003,Feb,25.81,27.49,29.03,26.7,0.337869068,0.388374475,0.45186809,-2,-0.073,0.65,1.17,0.73,1.75
2003,Mar,25.97,27.81,29.03,27.28,0.40215074,0.0685813,0.54336864,-1.6,-0.57,-1,0.64,-0.07,1.51
2003,Apr,24.44,27.81,28.96,27.15,0.469112575,0.37310865,0.565202662,-0.7,-2.628,1.5,0.49,0.14,1.18
2003,May,22.49,27.37,28.92,26.14,0.37513786,0.166836453,0.47542908,-1,-0.762,-0.43,-0.45,-2.2,0.89
2003,Jun,21.58,27.48,29.09,25.83,0.658673775,-0.158981468,0.033770175,-1.9,-2.216,0.35,0.27,-0.6,0.68
2003,Jul,20.75,27.43,29.11,25.75,0.35855055,-0.160512608,-0.064695258,0.4,0.286,-2.51,-0.14,1.23,0.96
2003,Aug,20.14,26.85,29.05,25.04,0.149039206,-0.380519378,-0.516347948,-0.5,0.091,-1.11,-2.34,-0.28,0.88
2003,Sep,20,26.96,29.02,24.97,0.352192075,-0.08386305,-0.67703525,-0.2,-1.554,-1.8,-1.33,0.76,0.01
2003,Oct,20.99,27.19,29.22,25.33,0.047077303,0.191012375,-0.6636812,-0.5,0.414,-0.73,0.89,0.97,0.83
2003,Nov,21.92,27.05,29.31,25.4,0.019430384,0.073914444,-0.19336012,-0.7,-0.763,0.71,0.01,-1.72,0.52
2003,Dec,22.99,26.89,29.02,25.56,0.13327085,-0.089159965,-0.036147417,1.8,-1.635,0.91,-99.9,0.86,0.33
2004,Jan,24.6,26.74,28.83,25.92,0.12822954,0.366583188,0.14390116,-2.8,-0.554,-0.88,0.48,0.41,0.43
2004,Feb,25.81,26.86,28.59,26.46,0.11054563,0.13145595,0.194981375,1.8,-0.219,1.08,-0.14,1.06,0.48
2004,Mar,25.94,27.1,28.43,27.16,0.107237495,-0.297832005,0.26909405,-0.3,5.007,0.26,-1.12,0.3,0.61
2004,Apr,25.32,27.84,28.75,27.37,0.00931678,0.194716545,0.849596025,-2.1,0.078,0.35,1.28,0.51,0.57
2004,May,23.05,28.06,29.16,26.72,-0.150646952,0.16783624,0.26915838,1.5,1.529,-0.03,2.3,-1.76,0.88
2004,Jun,21.6,27.76,29.17,26.27,-0.318863825,0.09590625,-0.209767918,-2.2,0.547,1.37,2.52,-0.37,0.04
2004,Jul,20.71,27.69,29.39,25.41,-0.29745664,0.035516466,-0.10853424,-1.2,-1.063,-0.33,0.99,0.09,0.44
2004,Aug,19.62,27.54,29.31,25.05,0.009213331,0.063416823,0.34136795,-1.2,-0.766,-0.31,-0.65,1.55,0.85
2004,Sep,20.07,27.47,29.6,25.17,0.212409075,0.14381382,0.419737063,-0.6,0.674,0.42,-3.08,-0.08,0.75
2004,Oct,20.92,27.38,29.55,25.32,0.174546939,0.096399723,-0.040787254,-0.5,-2.109,0.57,-0.89,-1.39,-0.11
2004,Nov,21.96,27.31,29.57,25.46,0.1666163,0.0699475,0.2406825,-1.4,4.444,0.67,-0.15,0.31,-0.63
2004,Dec,22.94,27.31,29.4,25.77,0.242975475,0.149492175,1.098250675,-1.8,0.037,0.34,-99.9,0.26,-0.17
2005,Jan,24.47,27.1,29.21,25.89,0.107323178,0.21353882,0.95142566,0.4,-2.242,-0.35,0.55,0.02,0.44
2005,Feb,25.49,26.96,28.83,26.2,-0.044210415,0.877258975,0.5793647,-6.7,-5.398,0.82,0.05,0.14,0.81
2005,Mar,25.6,27.55,28.91,27.01,0.057703173,0.853012475,0.3714675,-0.4,-0.002,-0.13,0.4,0.88,1.36
2005,Apr,24.9,28.07,28.96,27.77,0.282335104,0.122741246,-0.313985194,-1.6,0.287,-0.35,0.91,1.28,1.03
2005,May,24.4,28.2,29.18,27.48,0.457659125,0.238919195,-0.132144543,-1.9,-2.468,-0.54,0.28,1.74,1.86
2005,Jun,22.47,28.05,29.18,26.81,0.32352257,0.303497,-0.04324525,0.1,1.027,0.37,1.16,0.29,1.17
2005,Jul,21.18,27.47,29.05,25.93,0.016614572,0.4233766,0.32746798,0.1,-0.195,-1.8,-0.96,0.43,0.66
2005,Aug,20.61,26.88,28.86,25.19,0.21744215,0.397603475,0.273988695,-1.3,-0.757,0.04,-1.39,0.72,0.25
2005,Sep,19.71,26.63,28.84,24.57,-0.01201158,0.633867125,0.54556365,0.7,3.341,0.7,-2.81,1.63,-0.46
2005,Oct,19.72,26.75,28.89,24.69,0.098877466,0.5072571,0.69210162,1.9,2.172,0.68,-1.9,0.9,-1.32
2005,Nov,20.62,26.34,28.67,24.28,0.069459222,0.197632493,-0.02772037,-0.5,3.332,-2.07,0.48,-0.76,-1.5
2005,Dec,22.29,25.89,28.35,24.28,-0.222751014,0.035237993,-0.019098384,-0.3,-1.886,-1.78,-99.9,1.38,0.2
2006,Jan,24.33,25.64,27.68,25,-0.3086552,-0.22665811,0.341462375,2.9,4.121,1,-1.2,0.43,1.03
2006,Feb,26.46,26.08,27.39,26.08,-0.18675078,0.258335425,0.414455075,-0.3,2.257,2.52,0.83,-0.11,0.66
2006,Mar,26.77,26.57,27.79,26.54,-0.21883705,0.124642225,0.476362176,2.3,-0.108,0.66,0.29,-0.27,0.05
2006,Apr,24.15,27.59,28.38,27.25,0.005975041,-0.200956868,0.245748854,1.5,-0.886,0.43,-1.21,0.45,0.4
2006,May,23.86,27.91,28.91,27.04,0.340441525,0.084259705,-0.053661025,-1.4,-0.66,-0.26,-0.17,-1.27,0.48
2006,Jun,22.77,27.85,29.15,26.44,0.19052955,0.07499241,0.33631479,-1.1,-0.154,-1.13,-0.2,-1.06,1.04
2006,Jul,22.19,27.35,29.07,25.8,-0.07327498,-0.046310894,0.09227924,-1.3,-0.913,-1.61,-0.41,1.83,0.35
2006,Aug,21.59,27.22,29.22,25.45,0.200257655,-0.0725828,0.5067658,-2.7,-0.472,-0.43,-0.58,-1.41,-0.65
2006,Sep,21.43,27.34,29.4,25.74,0.122748108,-1.06829644,0.070414868,-1.1,0.579,0.23,0.02,0.42,-0.94
2006,Oct,22.22,27.47,29.44,25.96,0.257041025,-1.160133,0.28676372,-2.7,-1.143,0.35,1.03,-0.84,-0.05
2006,Nov,22.69,27.73,29.63,26.07,0.604941075,-0.72905565,0.8948135,0.1,0.905,-2.07,-0.27,-1.39,-0.22
2006,Dec,23.45,27.76,29.47,26.36,0.41494766,-0.090165784,0.79774752,-0.8,2.745,1.27,-99.9,1.86,0.14
2007,Jan,24.99,27.26,28.93,26.5,0.34560445,0.040647915,0.685072725,-1.8,8.058,1.9,-1.27,0.72,0.01
2007,Feb,26.24,26.81,28.62,26.45,0.389202025,0.484590375,0.916225375,-0.7,2.207,0.63,1.16,-0.09,0.04
2007,Mar,25.74,27.18,28.57,26.79,0.126576726,-0.18736134,0.421768696,-0.6,5.106,-1.06,-1.11,0.18,-0.36
2007,Apr,24.3,27.78,28.7,27.13,0.2413396,-0.090385953,0.422953726,-0.6,1.956,-1.85,0.02,1.25,0.16
2007,May,22.73,27.57,28.86,26.35,0.426173525,-0.084714433,0.243715975,-0.6,2.032,-1.17,-0.56,-0.06,-0.1
2007,Jun,21.59,27.55,28.98,25.83,0.57320054,0.050048162,0.344307026,0.3,3.249,-0.37,0.15,-0.38,0.09
2007,Jul,20.27,26.79,28.81,24.79,0.360877975,0.029221475,0.181643995,-0.8,-1.612,-0.74,0.4,2.21,0.78
2007,Aug,19.16,26.2,28.58,23.86,0.44771255,0.13057765,0.001054375,0.1,-1.555,-0.26,-1.47,1.98,0.5
2007,Sep,18.57,25.77,28.12,23.52,0.23179998,-0.51794734,0.174105239,0.3,1.378,1.28,-2.02,1.88,-0.36
2007,Oct,18.8,25.22,27.86,23.36,0.20216007,-0.38067015,0.550217025,0.9,2.133,0.08,-2.32,0.55,-1.45
2007,Nov,19.49,25.06,27.42,23.17,-0.067646638,-0.164346755,0.15499471,1.4,3.971,-0.09,0.81,0.69,-1.08
2007,Dec,21.02,24.97,27.3,23.59,-0.154087028,0.248683356,0.25298198,2.9,7.031,0.51,-99.9,0.14,-0.58
2008,Jan,23.86,24.71,26.62,24.13,0.037736425,0.082222163,-0.004386795,3.1,1.343,1.17,-1.38,-0.32,-1
2008,Feb,26.32,24.83,26.43,25.05,-0.37751244,-0.017820155,0.126797633,4.4,5.692,0.49,-0.05,0.5,-0.77
2008,Mar,27.3,26.07,26.84,26.56,-0.39675062,-0.55688402,-0.08697182,1.9,8.118,-1.38,-1.45,-0.32,-0.71
2008,Apr,25.89,26.83,27.44,27.18,-0.48927315,-0.36633265,-0.47636015,0.9,4.419,0.13,-0.26,-0.97,-1.52
2008,May,24.41,27.18,27.9,27.08,-0.339062484,-0.5779212,-0.264659094,-0.5,0.568,-1.17,0.41,1.33,-1.37
2008,Jun,23.55,27.17,28.08,26.53,-0.004667418,-0.7281845,0.28361495,0.5,1.47,-0.52,-0.65,-1.75,-1.34
2008,Jul,22.63,27.19,28.25,26.12,0.025668858,-0.841887425,0.082548954,0.3,-1.584,-0.63,-0.97,-0.1,-1.67
2008,Aug,21.79,26.85,28.18,25.63,0.017146826,-0.59354656,-0.347183407,1.3,-1.437,-1.5,-1.12,0.92,-1.7
2008,Sep,21.19,26.44,28.14,25.09,0.122122478,-0.023122173,-0.49828735,2.4,-0.096,-0.58,-0.65,1.12,-1.55
2008,Oct,20.75,26.33,28.29,24.79,0.22587215,-0.046980108,-0.457074505,2.2,2.203,-0.13,-1.22,0.86,-1.76
2008,Nov,21.44,26.3,28.08,24.75,-0.031231845,0.115517934,-0.14825186,2.4,2.515,0.31,0.78,1.11,-1.25
2008,Dec,22.43,25.74,27.72,24.6,-0.21574385,0.025666745,0.40529535,2.5,4.223,1.11,-99.9,-1.41,-0.87
2009,Jan,24.42,25.54,27.42,25.03,-0.148715284,-0.063861263,0.53682336,1.9,6.755,0.42,-0.34,0.61,-1.4
2009,Feb,26.03,26.04,27.37,25.85,0.165559718,-0.1616533,0.348699723,3,-1.159,2.18,0.61,-0.95,-1.55
2009,Mar,26.38,26.67,27.79,26.44,0.3443715,-0.3200554,0.053874295,-0.2,4.571,0.36,-0.97,-1.02,-1.59
2009,Apr,25.98,27.5,28.37,27.39,0.118460418,-0.062852633,-0.084665958,1.1,3.125,-0.14,0.62,0.21,-1.65
2009,May,24.83,28.03,28.99,27.4,0.57996228,0.244394722,-0.301163142,-0.7,1.11,-1.18,1.63,-0.58,-0.88
2009,Jun,23.73,28.11,29.2,27.12,0.70138715,0.373957025,-0.041376663,-0.5,-2.38,-1.59,-0.13,0.35,-0.31
2009,Jul,-,-,-,26.59,0.39662715,0.467388925,-0.233585415,0.2,0.195,0.5,1.38,1.22,-0.53
2009,Aug,-,-,-,-,-,-,-,-,-,-,-,-,-
2009,Sep,-,-,-,-,-,-,-,-,-,-,-,-,-
2009,Oct,-,-,-,-,-,-,-,-,-,-,-,-,-
2009,Nov,-,-,-,-,-,-,-,-,-,-,-,-,-
2009,Dec,-,-,-,-,-,-,-,-,-,-,-,-,-
2010,Jan,-,-,-,-,-,-,-,-,-,-,-,-,-
2010,Feb,-,-,-,-,-,-,-,-,-,-,-,-,-
2010,Mar,-,-,-,-,-,-,-,-,-,-,-,-,-
2010,Apr,-,-,-,-,-,-,-,-,-,-,-,-,-
2010,May,-,-,-,-,-,-,-,-,-,-,-,-,-
2010,Jun,-,-,-,-,-,-,-,-,-,-,-,-,-
2010,Jul,-,-,-,-,-,-,-,-,-,-,-,-,-
2010,Aug,-,-,-,-,-,-,-,-,-,-,-,-,-
2010,Sep,-,-,-,-,-,-,-,-,-,-,-,-,-
2010,Oct,-,-,-,-,-,-,-,-,-,-,-,-,-
2010,Nov,-,-,-,-,-,-,-,-,-,-,-,-,-
2010,Dec,-,-,-,-,-,-,-,-,-,-,-,-,-
2011,Jan,-,-,-,-,-,-,-,-,-,-,-,-,-
2011,Feb,-,-,-,-,-,-,-,-,-,-,-,-,-
2011,Mar,-,-,-,-,-,-,-,-,-,-,-,-,-
2011,Apr,-,-,-,-,-,-,-,-,-,-,-,-,-
2011,May,-,-,-,-,-,-,-,-,-,-,-,-,-
2011,Jun,-,-,-,-,-,-,-,-,-,-,-,-,-
2011,Jul,-,-,-,-,-,-,-,-,-,-,-,-,-
2011,Aug,-,-,-,-,-,-,-,-,-,-,-,-,-
2011,Sep,-,-,-,-,-,-,-,-,-,-,-,-,-
2011,Oct,-,-,-,-,-,-,-,-,-,-,-,-,-
2011,Nov,-,-,-,-,-,-,-,-,-,-,-,-,-
2011,Dec,-,-,-,-,-,-,-,-,-,-,-,-,-
2012,Jan,-,-,-,-,-,-,-,-,-,-,-,-,-
2012,Feb,-,-,-,-,-,-,-,-,-,-,-,-,-
2012,Mar,-,-,-,-,-,-,-,-,-,-,-,-,-
2012,Apr,-,-,-,-,-,-,-,-,-,-,-,-,-
2012,May,-,-,-,-,-,-,-,-,-,-,-,-,-
2012,Jun,-,-,-,-,-,-,-,-,-,-,-,-,-
2012,Jul,-,-,-,-,-,-,-,-,-,-,-,-,-
2012,Aug,-,-,-,-,-,-,-,-,-,-,-,-,-
2012,Sep,-,-,-,-,-,-,-,-,-,-,-,-,-
2012,Oct,-,-,-,-,-,-,-,-,-,-,-,-,-
2012,Nov,-,-,-,-,-,-,-,-,-,-,-,-,-
2012,Dec,-,-,-,-,-,-,-,-,-,-,-,-,-
2013,Jan,-,-,-,-,-,-,-,-,-,-,-,-,-
2013,Feb,-,-,-,-,-,-,-,-,-,-,-,-,-
2013,Mar,-,-,-,-,-,-,-,-,-,-,-,-,-
2013,Apr,-,-,-,-,-,-,-,-,-,-,-,-,-
2013,May,-,-,-,-,-,-,-,-,-,-,-,-,-
2013,Jun,-,-,-,-,-,-,-,-,-,-,-,-,-
2013,Jul,-,-,-,-,-,-,-,-,-,-,-,-,-
2013,Aug,-,-,-,-,-,-,-,-,-,-,-,-,-
2013,Sep,-,-,-,-,-,-,-,-,-,-,-,-,-
2013,Oct,-,-,-,-,-,-,-,-,-,-,-,-,-
2013,Nov,-,-,-,-,-,-,-,-,-,-,-,-,-
2013,Dec,-,-,-,-,-,-,-,-,-,-,-,-,-
2014,Jan,-,-,-,-,-,-,-,-,-,-,-,-,-
2014,Feb,-,-,-,-,-,-,-,-,-,-,-,-,-
2014,Mar,-,-,-,-,-,-,-,-,-,-,-,-,-
2014,Apr,-,-,-,-,-,-,-,-,-,-,-,-,-
2014,May,-,-,-,-,-,-,-,-,-,-,-,-,-
2014,Jun,-,-,-,-,-,-,-,-,-,-,-,-,-
2014,Jul,-,-,-,-,-,-,-,-,-,-,-,-,-
2014,Aug,-,-,-,-,-,-,-,-,-,-,-,-,-
2014,Sep,-,-,-,-,-,-,-,-,-,-,-,-,-
2014,Oct,-,-,-,-,-,-,-,-,-,-,-,-,-
2014,Nov,-,-,-,-,-,-,-,-,-,-,-,-,-
2014,Dec,-,-,-,-,-,-,-,-,-,-,-,-,-
2015,Jan,-,-,-,-,-,-,-,-,-,-,-,-,-
2015,Feb,-,-,-,-,-,-,-,-,-,-,-,-,-
2015,Mar,-,-,-,-,-,-,-,-,-,-,-,-,-
2015,Apr,-,-,-,-,-,-,-,-,-,-,-,-,-
2015,May,-,-,-,-,-,-,-,-,-,-,-,-,-
2015,Jun,-,-,-,-,-,-,-,-,-,-,-,-,-
2015,Jul,-,-,-,-,-,-,-,-,-,-,-,-,-
2015,Aug,-,-,-,-,-,-,-,-,-,-,-,-,-
2015,Sep,-,-,-,-,-,-,-,-,-,-,-,-,-
2015,Oct,-,-,-,-,-,-,-,-,-,-,-,-,-
2015,Nov,-,-,-,-,-,-,-,-,-,-,-,-,-
2015,Dec,-,-,-,-,-,-,-,-,-,-,-,-,-
2016,Jan,-,-,-,-,-,-,-,-,-,-,-,-,-
2016,Feb,-,-,-,-,-,-,-,-,-,-,-,-,-
2016,Mar,-,-,-,-,-,-,-,-,-,-,-,-,-
2016,Apr,-,-,-,-,-,-,-,-,-,-,-,-,-
2016,May,-,-,-,-,-,-,-,-,-,-,-,-,-
2016,Jun,-,-,-,-,-,-,-,-,-,-,-,-,-
2016,Jul,-,-,-,-,-,-,-,-,-,-,-,-,-
2016,Aug,-,-,-,-,-,-,-,-,-,-,-,-,-
2016,Sep,-,-,-,-,-,-,-,-,-,-,-,-,-
2016,Oct,-,-,-,-,-,-,-,-,-,-,-,-,-
2016,Nov,-,-,-,-,-,-,-,-,-,-,-,-,-
2016,Dec,-,-,-,-,-,-,-,-,-,-,-,-,-
2017,Jan,-,-,-,-,-,-,-,-,-,-,-,-,-
2017,Feb,-,-,-,-,-,-,-,-,-,-,-,-,-
2017,Mar,-,-,-,-,-,-,-,-,-,-,-,-,-
2017,Apr,-,-,-,-,-,-,-,-,-,-,-,-,-
2017,May,-,-,-,-,-,-,-,-,-,-,-,-,-
2017,Jun,-,-,-,-,-,-,-,-,-,-,-,-,-
2017,Jul,-,-,-,-,-,-,-,-,-,-,-,-,-
2017,Aug,-,-,-,-,-,-,-,-,-,-,-,-,-
2017,Sep,-,-,-,-,-,-,-,-,-,-,-,-,-
2017,Oct,-,-,-,-,-,-,-,-,-,-,-,-,-
2017,Nov,-,-,-,-,-,-,-,-,-,-,-,-,-
2017,Dec,-,-,-,-,-,-,-,-,-,-,-,-,-
2018,Jan,-,-,-,-,-,-,-,-,-,-,-,-,-
2018,Feb,-,-,-,-,-,-,-,-,-,-,-,-,-
2018,Mar,-,-,-,-,-,-,-,-,-,-,-,-,-
2018,Apr,-,-,-,-,-,-,-,-,-,-,-,-,-
2018,May,-,-,-,-,-,-,-,-,-,-,-,-,-
2018,Jun,-,-,-,-,-,-,-,-,-,-,-,-,-
2018,Jul,-,-,-,-,-,-,-,-,-,-,-,-,-
2018,Aug,-,-,-,-,-,-,-,-,-,-,-,-,-
2018,Sep,-,-,-,-,-,-,-,-,-,-,-,-,-
2018,Oct,-,-,-,-,-,-,-,-,-,-,-,-,-
2018,Nov,-,-,-,-,-,-,-,-,-,-,-,-,-
2018,Dec,-,-,-,-,-,-,-,-,-,-,-,-,-
2019,Jan,-,-,-,-,-,-,-,-,-,-,-,-,-
2019,Feb,-,-,-,-,-,-,-,-,-,-,-,-,-
2019,Mar,-,-,-,-,-,-,-,-,-,-,-,-,-
2019,Apr,-,-,-,-,-,-,-,-,-,-,-,-,-
2019,May,-,-,-,-,-,-,-,-,-,-,-,-,-
2019,Jun,-,-,-,-,-,-,-,-,-,-,-,-,-
2019,Jul,-,-,-,-,-,-,-,-,-,-,-,-,-
2019,Aug,-,-,-,-,-,-,-,-,-,-,-,-,-
2019,Sep,-,-,-,-,-,-,-,-,-,-,-,-,-
2019,Oct,-,-,-,-,-,-,-,-,-,-,-,-,-
2019,Nov,-,-,-,-,-,-,-,-,-,-,-,-,-
2019,Dec,-,-,-,-,-,-,-,-,-,-,-,-,-
2020,Jan,-,-,-,-,-,-,-,-,-,-,-,-,-
2020,Feb,-,-,-,-,-,-,-,-,-,-,-,-,-
2020,Mar,-,-,-,-,-,-,-,-,-,-,-,-,-
2020,Apr,-,-,-,-,-,-,-,-,-,-,-,-,-
2020,May,-,-,-,-,-,-,-,-,-,-,-,-,-
2020,Jun,-,-,-,-,-,-,-,-,-,-,-,-,-
2020,Jul,-,-,-,-,-,-,-,-,-,-,-,-,-
2020,Aug,-,-,-,-,-,-,-,-,-,-,-,-,-
2020,Sep,-,-,-,-,-,-,-,-,-,-,-,-,-
2020,Oct,-,-,-,-,-,-,-,-,-,-,-,-,-
2020,Nov,-,-,-,-,-,-,-,-,-,-,-,-,-
2020,Dec,-,-,-,-,-,-,-,-,-,-,-,-,-
2021,Jan,-,-,-,-,-,-,-,-,-,-,-,-,-
2021,Feb,-,-,-,-,-,-,-,-,-,-,-,-,-
2021,Mar,-,-,-,-,-,-,-,-,-,-,-,-,-
2021,Apr,-,-,-,-,-,-,-,-,-,-,-,-,-
2021,May,-,-,-,-,-,-,-,-,-,-,-,-,-
2021,Jun,-,-,-,-,-,-,-,-,-,-,-,-,-
2021,Jul,-,-,-,-,-,-,-,-,-,-,-,-,-
2021,Aug,-,-,-,-,-,-,-,-,-,-,-,-,-
2021,Sep,-,-,-,-,-,-,-,-,-,-,-,-,-
2021,Oct,-,-,-,-,-,-,-,-,-,-,-,-,-
2021,Nov,-,-,-,-,-,-,-,-,-,-,-,-,-
2021,Dec,-,-,-,-,-,-,-,-,-,-,-,-,-
2022,Jan,-,-,-,-,-,-,-,-,-,-,-,-,-
2022,Feb,-,-,-,-,-,-,-,-,-,-,-,-,-
2022,Mar,-,-,-,-,-,-,-,-,-,-,-,-,-
2022,Apr,-,-,-,-,-,-,-,-,-,-,-,-,-
2022,May,-,-,-,-,-,-,-,-,-,-,-,-,-
2022,Jun,-,-,-,-,-,-,-,-,-,-,-,-,-
2022,Jul,-,-,-,-,-,-,-,-,-,-,-,-,-
2022,Aug,-,-,-,-,-,-,-,-,-,-,-,-,-
2022,Sep,-,-,-,-,-,-,-,-,-,-,-,-,-
2022,Oct,-,-,-,-,-,-,-,-,-,-,-,-,-
2022,Nov,-,-,-,-,-,-,-,-,-,-,-,-,-
2022,Dec,-,-,-,-,-,-,-,-,-,-,-,-,-
2023,Jan,-,-,-,-,-,-,-,-,-,-,-,-,-
2023,Feb,-,-,-,-,-,-,-,-,-,-,-,-,-
2023,Mar,-,-,-,-,-,-,-,-,-,-,-,-,-
2023,Apr,-,-,-,-,-,-,-,-,-,-,-,-,-
2023,May,-,-,-,-,-,-,-,-,-,-,-,-,-
2023,Jun,-,-,-,-,-,-,-,-,-,-,-,-,-
2023,Jul,-,-,-,-,-,-,-,-,-,-,-,-,-
2023,Aug,-,-,-,-,-,-,-,-,-,-,-,-,-
2023,Sep,-,-,-,-,-,-,-,-,-,-,-,-,-
2023,Oct,-,-,-,-,-,-,-,-,-,-,-,-,-
2023,Nov,-,-,-,-,-,-,-,-,-,-,-,-,-
2023,Dec,-,-,-,-,-,-,-,-,-,-,-,-,-
2024,Jan,-,-,-,-,-,-,-,-,-,-,-,-,-
2024,Feb,-,-,-,-,-,-,-,-,-,-,-,-,-
2024,Mar,-,-,-,-,-,-,-,-,-,-,-,-,-
2024,Apr,-,-,-,-,-,-,-,-,-,-,-,-,-
2024,May,-,-,-,-,-,-,-,-,-,-,-,-,-
2024,Jun,-,-,-,-,-,-,-,-,-,-,-,-,-
2024,Jul,-,-,-,-,-,-,-,-,-,-,-,-,-
2024,Aug,-,-,-,-,-,-,-,-,-,-,-,-,-
2024,Sep,-,-,-,-,-,-,-,-,-,-,-,-,-
2024,Oct,-,-,-,-,-,-,-,-,-,-,-,-,-
2024,Nov,-,-,-,-,-,-,-,-,-,-,-,-,-
2024,Dec,-,-,-,-,-,-,-,-,-,-,-,-,-
2025,Jan,-,-,-,-,-,-,-,-,-,-,-,-,-
2025,Feb,-,-,-,-,-,-,-,-,-,-,-,-,-
2025,Mar,-,-,-,-,-,-,-,-,-,-,-,-,-
2025,Apr,-,-,-,-,-,-,-,-,-,-,-,-,-
2025,May,-,-,-,-,-,-,-,-,-,-,-,-,-
2025,Jun,-,-,-,-,-,-,-,-,-,-,-,-,-
2025,Jul,-,-,-,-,-,-,-,-,-,-,-,-,-
2025,Aug,-,-,-,-,-,-,-,-,-,-,-,-,-
2025,Sep,-,-,-,-,-,-,-,-,-,-,-,-,-
2025,Oct,-,-,-,-,-,-,-,-,-,-,-,-,-
2025,Nov,-,-,-,-,-,-,-,-,-,-,-,-,-
2025,Dec,-,-,-,-,-,-,-,-,-,-,-,-,-
2026,Jan,-,-,-,-,-,-,-,-,-,-,-,-,-
2026,Feb,-,-,-,-,-,-,-,-,-,-,-,-,-
2026,Mar,-,-,-,-,-,-,-,-,-,-,-,-,-
2026,Apr,-,-,-,-,-,-,-,-,-,-,-,-,-
2026,May,-,-,-,-,-,-,-,-,-,-,-,-,-
2026,Jun,-,-,-,-,-,-,-,-,-,-,-,-,-
2026,Jul,-,-,-,-,-,-,-,-,-,-,-,-,-
2026,Aug,-,-,-,-,-,-,-,-,-,-,-,-,-
2026,Sep,-,-,-,-,-,-,-,-,-,-,-,-,-
2026,Oct,-,-,-,-,-,-,-,-,-,-,-,-,-
2026,Nov,-,-,-,-,-,-,-,-,-,-,-,-,-
2026,Dec,-,-,-,-,-,-,-,-,-,-,-,-,-
2027,Jan,-,-,-,-,-,-,-,-,-,-,-,-,-
2027,Feb,-,-,-,-,-,-,-,-,-,-,-,-,-
2027,Mar,-,-,-,-,-,-,-,-,-,-,-,-,-
2027,Apr,-,-,-,-,-,-,-,-,-,-,-,-,-
2027,May,-,-,-,-,-,-,-,-,-,-,-,-,-
2027,Jun,-,-,-,-,-,-,-,-,-,-,-,-,-
2027,Jul,-,-,-,-,-,-,-,-,-,-,-,-,-
2027,Aug,-,-,-,-,-,-,-,-,-,-,-,-,-
2027,Sep,-,-,-,-,-,-,-,-,-,-,-,-,-
2027,Oct,-,-,-,-,-,-,-,-,-,-,-,-,-
2027,Nov,-,-,-,-,-,-,-,-,-,-,-,-,-
2027,Dec,-,-,-,-,-,-,-,-,-,-,-,-,-
2028,Jan,-,-,-,-,-,-,-,-,-,-,-,-,-
2028,Feb,-,-,-,-,-,-,-,-,-,-,-,-,-
2028,Mar,-,-,-,-,-,-,-,-,-,-,-,-,-
2028,Apr,-,-,-,-,-,-,-,-,-,-,-,-,-
2028,May,-,-,-,-,-,-,-,-,-,-,-,-,-
2028,Jun,-,-,-,-,-,-,-,-,-,-,-,-,-
2028,Jul,-,-,-,-,-,-,-,-,-,-,-,-,-
2028,Aug,-,-,-,-,-,-,-,-,-,-,-,-,-
2028,Sep,-,-,-,-,-,-,-,-,-,-,-,-,-
2028,Oct,-,-,-,-,-,-,-,-,-,-,-,-,-
2028,Nov,-,-,-,-,-,-,-,-,-,-,-,-,-
2028,Dec,-,-,-,-,-,-,-,-,-,-,-,-,-
2029,Jan,-,-,-,-,-,-,-,-,-,-,-,-,-
2029,Feb,-,-,-,-,-,-,-,-,-,-,-,-,-
2029,Mar,-,-,-,-,-,-,-,-,-,-,-,-,-
2029,Apr,-,-,-,-,-,-,-,-,-,-,-,-,-
2029,May,-,-,-,-,-,-,-,-,-,-,-,-,-
2029,Jun,-,-,-,-,-,-,-,-,-,-,-,-,-
2029,Jul,-,-,-,-,-,-,-,-,-,-,-,-,-
2029,Aug,-,-,-,-,-,-,-,-,-,-,-,-,-
2029,Sep,-,-,-,-,-,-,-,-,-,-,-,-,-
2029,Oct,-,-,-,-,-,-,-,-,-,-,-,-,-
2029,Nov,-,-,-,-,-,-,-,-,-,-,-,-,-
2029,Dec,-,-,-,-,-,-,-,-,-,-,-,-,-
2030,Jan,-,-,-,-,-,-,-,-,-,-,-,-,-
2030,Feb,-,-,-,-,-,-,-,-,-,-,-,-,-
2030,Mar,-,-,-,-,-,-,-,-,-,-,-,-,-
2030,Apr,-,-,-,-,-,-,-,-,-,-,-,-,-
2030,May,-,-,-,-,-,-,-,-,-,-,-,-,-
2030,Jun,-,-,-,-,-,-,-,-,-,-,-,-,-
2030,Jul,-,-,-,-,-,-,-,-,-,-,-,-,-
2030,Aug,-,-,-,-,-,-,-,-,-,-,-,-,-
2030,Sep,-,-,-,-,-,-,-,-,-,-,-,-,-
2030,Oct,-,-,-,-,-,-,-,-,-,-,-,-,-
2030,Nov,-,-,-,-,-,-,-,-,-,-,-,-,-
2030,Dec,-,-,-,-,-,-,-,-,-,-,-,-,-
2031,Jan,-,-,-,-,-,-,-,-,-,-,-,-,-
2031,Feb,-,-,-,-,-,-,-,-,-,-,-,-,-
2031,Mar,-,-,-,-,-,-,-,-,-,-,-,-,-
2031,Apr,-,-,-,-,-,-,-,-,-,-,-,-,-
2031,May,-,-,-,-,-,-,-,-,-,-,-,-,-
2031,Jun,-,-,-,-,-,-,-,-,-,-,-,-,-
2031,Jul,-,-,-,-,-,-,-,-,-,-,-,-,-
2031,Aug,-,-,-,-,-,-,-,-,-,-,-,-,-
2031,Sep,-,-,-,-,-,-,-,-,-,-,-,-,-
2031,Oct,-,-,-,-,-,-,-,-,-,-,-,-,-
2031,Nov,-,-,-,-,-,-,-,-,-,-,-,-,-
2031,Dec,-,-,-,-,-,-,-,-,-,-,-,-,-
2032,Jan,-,-,-,-,-,-,-,-,-,-,-,-,-
2032,Feb,-,-,-,-,-,-,-,-,-,-,-,-,-
2032,Mar,-,-,-,-,-,-,-,-,-,-,-,-,-
2032,Apr,-,-,-,-,-,-,-,-,-,-,-,-,-
2032,May,-,-,-,-,-,-,-,-,-,-,-,-,-
2032,Jun,-,-,-,-,-,-,-,-,-,-,-,-,-
2032,Jul,-,-,-,-,-,-,-,-,-,-,-,-,-
2032,Aug,-,-,-,-,-,-,-,-,-,-,-,-,-
2032,Sep,-,-,-,-,-,-,-,-,-,-,-,-,-
2032,Oct,-,-,-,-,-,-,-,-,-,-,-,-,-
2032,Nov,-,-,-,-,-,-,-,-,-,-,-,-,-
2032,Dec,-,-,-,-,-,-,-,-,-,-,-,-,-
2033,Jan,-,-,-,-,-,-,-,-,-,-,-,-,-
2033,Feb,-,-,-,-,-,-,-,-,-,-,-,-,-
2033,Mar,-,-,-,-,-,-,-,-,-,-,-,-,-
2033,Apr,-,-,-,-,-,-,-,-,-,-,-,-,-
2033,May,-,-,-,-,-,-,-,-,-,-,-,-,-
2033,Jun,-,-,-,-,-,-,-,-,-,-,-,-,-
2033,Jul,-,-,-,-,-,-,-,-,-,-,-,-,-
2033,Aug,-,-,-,-,-,-,-,-,-,-,-,-,-
2033,Sep,-,-,-,-,-,-,-,-,-,-,-,-,-
2033,Oct,-,-,-,-,-,-,-,-,-,-,-,-,-
2033,Nov,-,-,-,-,-,-,-,-,-,-,-,-,-
2033,Dec,-,-,-,-,-,-,-,-,-,-,-,-,-
2034,Jan,-,-,-,-,-,-,-,-,-,-,-,-,-
2034,Feb,-,-,-,-,-,-,-,-,-,-,-,-,-
2034,Mar,-,-,-,-,-,-,-,-,-,-,-,-,-
2034,Apr,-,-,-,-,-,-,-,-,-,-,-,-,-
2034,May,-,-,-,-,-,-,-,-,-,-,-,-,-
2034,Jun,-,-,-,-,-,-,-,-,-,-,-,-,-
2034,Jul,-,-,-,-,-,-,-,-,-,-,-,-,-
2034,Aug,-,-,-,-,-,-,-,-,-,-,-,-,-
2034,Sep,-,-,-,-,-,-,-,-,-,-,-,-,-
2034,Oct,-,-,-,-,-,-,-,-,-,-,-,-,-
2034,Nov,-,-,-,-,-,-,-,-,-,-,-,-,-
2034,Dec,-,-,-,-,-,-,-,-,-,-,-,-,-
2035,Jan,-,-,-,-,-,-,-,-,-,-,-,-,-
2035,Feb,-,-,-,-,-,-,-,-,-,-,-,-,-
2035,Mar,-,-,-,-,-,-,-,-,-,-,-,-,-
2035,Apr,-,-,-,-,-,-,-,-,-,-,-,-,-
2035,May,-,-,-,-,-,-,-,-,-,-,-,-,-
2035,Jun,-,-,-,-,-,-,-,-,-,-,-,-,-
2035,Jul,-,-,-,-,-,-,-,-,-,-,-,-,-
2035,Aug,-,-,-,-,-,-,-,-,-,-,-,-,-
2035,Sep,-,-,-,-,-,-,-,-,-,-,-,-,-
2035,Oct,-,-,-,-,-,-,-,-,-,-,-,-,-
2035,Nov,-,-,-,-,-,-,-,-,-,-,-,-,-
2035,Dec,-,-,-,-,-,-,-,-,-,-,-,-,-
2036,Jan,-,-,-,-,-,-,-,-,-,-,-,-,-
2036,Feb,-,-,-,-,-,-,-,-,-,-,-,-,-
2036,Mar,-,-,-,-,-,-,-,-,-,-,-,-,-
2036,Apr,-,-,-,-,-,-,-,-,-,-,-,-,-
2036,May,-,-,-,-,-,-,-,-,-,-,-,-,-
2036,Jun,-,-,-,-,-,-,-,-,-,-,-,-,-
2036,Jul,-,-,-,-,-,-,-,-,-,-,-,-,-
2036,Aug,-,-,-,-,-,-,-,-,-,-,-,-,-
2036,Sep,-,-,-,-,-,-,-,-,-,-,-,-,-
2036,Oct,-,-,-,-,-,-,-,-,-,-,-,-,-
2036,Nov,-,-,-,-,-,-,-,-,-,-,-,-,-
2036,Dec,-,-,-,-,-,-,-,-,-,-,-,-,-
2037,Jan,-,-,-,-,-,-,-,-,-,-,-,-,-
2037,Feb,-,-,-,-,-,-,-,-,-,-,-,-,-
2037,Mar,-,-,-,-,-,-,-,-,-,-,-,-,-
2037,Apr,-,-,-,-,-,-,-,-,-,-,-,-,-
2037,May,-,-,-,-,-,-,-,-,-,-,-,-,-
2037,Jun,-,-,-,-,-,-,-,-,-,-,-,-,-
2037,Jul,-,-,-,-,-,-,-,-,-,-,-,-,-
2037,Aug,-,-,-,-,-,-,-,-,-,-,-,-,-
2037,Sep,-,-,-,-,-,-,-,-,-,-,-,-,-
2037,Oct,-,-,-,-,-,-,-,-,-,-,-,-,-
2037,Nov,-,-,-,-,-,-,-,-,-,-,-,-,-
2037,Dec,-,-,-,-,-,-,-,-,-,-,-,-,-
2038,Jan,-,-,-,-,-,-,-,-,-,-,-,-,-
2038,Feb,-,-,-,-,-,-,-,-,-,-,-,-,-
2038,Mar,-,-,-,-,-,-,-,-,-,-,-,-,-
2038,Apr,-,-,-,-,-,-,-,-,-,-,-,-,-
2038,May,-,-,-,-,-,-,-,-,-,-,-,-,-
2038,Jun,-,-,-,-,-,-,-,-,-,-,-,-,-
2038,Jul,-,-,-,-,-,-,-,-,-,-,-,-,-
2038,Aug,-,-,-,-,-,-,-,-,-,-,-,-,-
2038,Sep,-,-,-,-,-,-,-,-,-,-,-,-,-
2038,Oct,-,-,-,-,-,-,-,-,-,-,-,-,-
2038,Nov,-,-,-,-,-,-,-,-,-,-,-,-,-
2038,Dec,-,-,-,-,-,-,-,-,-,-,-,-,-
2039,Jan,-,-,-,-,-,-,-,-,-,-,-,-,-
2039,Feb,-,-,-,-,-,-,-,-,-,-,-,-,-
2039,Mar,-,-,-,-,-,-,-,-,-,-,-,-,-
2039,Apr,-,-,-,-,-,-,-,-,-,-,-,-,-
2039,May,-,-,-,-,-,-,-,-,-,-,-,-,-
2039,Jun,-,-,-,-,-,-,-,-,-,-,-,-,-
2039,Jul,-,-,-,-,-,-,-,-,-,-,-,-,-
2039,Aug,-,-,-,-,-,-,-,-,-,-,-,-,-
2039,Sep,-,-,-,-,-,-,-,-,-,-,-,-,-
2039,Oct,-,-,-,-,-,-,-,-,-,-,-,-,-
2039,Nov,-,-,-,-,-,-,-,-,-,-,-,-,-
2039,Dec,-,-,-,-,-,-,-,-,-,-,-,-,-
2040,Jan,-,-,-,-,-,-,-,-,-,-,-,-,-
2040,Feb,-,-,-,-,-,-,-,-,-,-,-,-,-
2040,Mar,-,-,-,-,-,-,-,-,-,-,-,-,-
2040,Apr,-,-,-,-,-,-,-,-,-,-,-,-,-
2040,May,-,-,-,-,-,-,-,-,-,-,-,-,-
2040,Jun,-,-,-,-,-,-,-,-,-,-,-,-,-
2040,Jul,-,-,-,-,-,-,-,-,-,-,-,-,-
2040,Aug,-,-,-,-,-,-,-,-,-,-,-,-,-
2040,Sep,-,-,-,-,-,-,-,-,-,-,-,-,-
2040,Oct,-,-,-,-,-,-,-,-,-,-,-,-,-
2040,Nov,-,-,-,-,-,-,-,-,-,-,-,-,-
2040,Dec,-,-,-,-,-,-,-,-,-,-,-,-,-
2041,Jan,-,-,-,-,-,-,-,-,-,-,-,-,-
2041,Feb,-,-,-,-,-,-,-,-,-,-,-,-,-
2041,Mar,-,-,-,-,-,-,-,-,-,-,-,-,-
2041,Apr,-,-,-,-,-,-,-,-,-,-,-,-,-
2041,May,-,-,-,-,-,-,-,-,-,-,-,-,-
2041,Jun,-,-,-,-,-,-,-,-,-,-,-,-,-
2041,Jul,-,-,-,-,-,-,-,-,-,-,-,-,-
2041,Aug,-,-,-,-,-,-,-,-,-,-,-,-,-
2041,Sep,-,-,-,-,-,-,-,-,-,-,-,-,-
2041,Oct,-,-,-,-,-,-,-,-,-,-,-,-,-
2041,Nov,-,-,-,-,-,-,-,-,-,-,-,-,-
2041,Dec,-,-,-,-,-,-,-,-,-,-,-,-,-
2042,Jan,-,-,-,-,-,-,-,-,-,-,-,-,-
2042,Feb,-,-,-,-,-,-,-,-,-,-,-,-,-
2042,Mar,-,-,-,-,-,-,-,-,-,-,-,-,-
2042,Apr,-,-,-,-,-,-,-,-,-,-,-,-,-
2042,May,-,-,-,-,-,-,-,-,-,-,-,-,-
2042,Jun,-,-,-,-,-,-,-,-,-,-,-,-,-
2042,Jul,-,-,-,-,-,-,-,-,-,-,-,-,-
2042,Aug,-,-,-,-,-,-,-,-,-,-,-,-,-
2042,Sep,-,-,-,-,-,-,-,-,-,-,-,-,-
2042,Oct,-,-,-,-,-,-,-,-,-,-,-,-,-
2042,Nov,-,-,-,-,-,-,-,-,-,-,-,-,-
2042,Dec,-,-,-,-,-,-,-,-,-,-,-,-,-
2043,Jan,-,-,-,-,-,-,-,-,-,-,-,-,-
2043,Feb,-,-,-,-,-,-,-,-,-,-,-,-,-
2043,Mar,-,-,-,-,-,-,-,-,-,-,-,-,-
2043,Apr,-,-,-,-,-,-,-,-,-,-,-,-,-
2043,May,-,-,-,-,-,-,-,-,-,-,-,-,-
2043,Jun,-,-,-,-,-,-,-,-,-,-,-,-,-
2043,Jul,-,-,-,-,-,-,-,-,-,-,-,-,-
2043,Aug,-,-,-,-,-,-,-,-,-,-,-,-,-
2043,Sep,-,-,-,-,-,-,-,-,-,-,-,-,-
2043,Oct,-,-,-,-,-,-,-,-,-,-,-,-,-
2043,Nov,-,-,-,-,-,-,-,-,-,-,-,-,-
2043,Dec,-,-,-,-,-,-,-,-,-,-,-,-,-
2044,Jan,-,-,-,-,-,-,-,-,-,-,-,-,-
2044,Feb,-,-,-,-,-,-,-,-,-,-,-,-,-
2044,Mar,-,-,-,-,-,-,-,-,-,-,-,-,-
2044,Apr,-,-,-,-,-,-,-,-,-,-,-,-,-
2044,May,-,-,-,-,-,-,-,-,-,-,-,-,-
2044,Jun,-,-,-,-,-,-,-,-,-,-,-,-,-
2044,Jul,-,-,-,-,-,-,-,-,-,-,-,-,-
2044,Aug,-,-,-,-,-,-,-,-,-,-,-,-,-
2044,Sep,-,-,-,-,-,-,-,-,-,-,-,-,-
2044,Oct,-,-,-,-,-,-,-,-,-,-,-,-,-
2044,Nov,-,-,-,-,-,-,-,-,-,-,-,-,-
2044,Dec,-,-,-,-,-,-,-,-,-,-,-,-,-
2045,Jan,-,-,-,-,-,-,-,-,-,-,-,-,-
2045,Feb,-,-,-,-,-,-,-,-,-,-,-,-,-
2045,Mar,-,-,-,-,-,-,-,-,-,-,-,-,-
2045,Apr,-,-,-,-,-,-,-,-,-,-,-,-,-
2045,May,-,-,-,-,-,-,-,-,-,-,-,-,-
2045,Jun,-,-,-,-,-,-,-,-,-,-,-,-,-
2045,Jul,-,-,-,-,-,-,-,-,-,-,-,-,-
2045,Aug,-,-,-,-,-,-,-,-,-,-,-,-,-
2045,Sep,-,-,-,-,-,-,-,-,-,-,-,-,-
2045,Oct,-,-,-,-,-,-,-,-,-,-,-,-,-
2045,Nov,-,-,-,-,-,-,-,-,-,-,-,-,-
2045,Dec,-,-,-,-,-,-,-,-,-,-,-,-,-
2046,Jan,-,-,-,-,-,-,-,-,-,-,-,-,-
2046,Feb,-,-,-,-,-,-,-,-,-,-,-,-,-
2046,Mar,-,-,-,-,-,-,-,-,-,-,-,-,-
2046,Apr,-,-,-,-,-,-,-,-,-,-,-,-,-
2046,May,-,-,-,-,-,-,-,-,-,-,-,-,-
2046,Jun,-,-,-,-,-,-,-,-,-,-,-,-,-
2046,Jul,-,-,-,-,-,-,-,-,-,-,-,-,-
2046,Aug,-,-,-,-,-,-,-,-,-,-,-,-,-
2046,Sep,-,-,-,-,-,-,-,-,-,-,-,-,-
2046,Oct,-,-,-,-,-,-,-,-,-,-,-,-,-
2046,Nov,-,-,-,-,-,-,-,-,-,-,-,-,-
2046,Dec,-,-,-,-,-,-,-,-,-,-,-,-,-
2047,Jan,-,-,-,-,-,-,-,-,-,-,-,-,-
2047,Feb,-,-,-,-,-,-,-,-,-,-,-,-,-
2047,Mar,-,-,-,-,-,-,-,-,-,-,-,-,-
2047,Apr,-,-,-,-,-,-,-,-,-,-,-,-,-
2047,May,-,-,-,-,-,-,-,-,-,-,-,-,-
2047,Jun,-,-,-,-,-,-,-,-,-,-,-,-,-
2047,Jul,-,-,-,-,-,-,-,-,-,-,-,-,-
2047,Aug,-,-,-,-,-,-,-,-,-,-,-,-,-
2047,Sep,-,-,-,-,-,-,-,-,-,-,-,-,-
2047,Oct,-,-,-,-,-,-,-,-,-,-,-,-,-
2047,Nov,-,-,-,-,-,-,-,-,-,-,-,-,-
2047,Dec,-,-,-,-,-,-,-,-,-,-,-,-,-
2048,Jan,-,-,-,-,-,-,-,-,-,-,-,-,-
2048,Feb,-,-,-,-,-,-,-,-,-,-,-,-,-
2048,Mar,-,-,-,-,-,-,-,-,-,-,-,-,-
2048,Apr,-,-,-,-,-,-,-,-,-,-,-,-,-
2048,May,-,-,-,-,-,-,-,-,-,-,-,-,-
2048,Jun,-,-,-,-,-,-,-,-,-,-,-,-,-
2048,Jul,-,-,-,-,-,-,-,-,-,-,-,-,-
2048,Aug,-,-,-,-,-,-,-,-,-,-,-,-,-
2048,Sep,-,-,-,-,-,-,-,-,-,-,-,-,-
2048,Oct,-,-,-,-,-,-,-,-,-,-,-,-,-
2048,Nov,-,-,-,-,-,-,-,-,-,-,-,-,-
2048,Dec,-,-,-,-,-,-,-,-,-,-,-,-,-
2049,Jan,-,-,-,-,-,-,-,-,-,-,-,-,-
2049,Feb,-,-,-,-,-,-,-,-,-,-,-,-,-
2049,Mar,-,-,-,-,-,-,-,-,-,-,-,-,-
2049,Apr,-,-,-,-,-,-,-,-,-,-,-,-,-
2049,May,-,-,-,-,-,-,-,-,-,-,-,-,-
2049,Jun,-,-,-,-,-,-,-,-,-,-,-,-,-
2049,Jul,-,-,-,-,-,-,-,-,-,-,-,-,-
2049,Aug,-,-,-,-,-,-,-,-,-,-,-,-,-
2049,Sep,-,-,-,-,-,-,-,-,-,-,-,-,-
2049,Oct,-,-,-,-,-,-,-,-,-,-,-,-,-
2049,Nov,-,-,-,-,-,-,-,-,-,-,-,-,-
2049,Dec,-,-,-,-,-,-,-,-,-,-,-,-,-
2050,Jan,-,-,-,-,-,-,-,-,-,-,-,-,-
2050,Feb,-,-,-,-,-,-,-,-,-,-,-,-,-
2050,Mar,-,-,-,-,-,-,-,-,-,-,-,-,-
2050,Apr,-,-,-,-,-,-,-,-,-,-,-,-,-
2050,May,-,-,-,-,-,-,-,-,-,-,-,-,-
2050,Jun,-,-,-,-,-,-,-,-,-,-,-,-,-
2050,Jul,-,-,-,-,-,-,-,-,-,-,-,-,-
2050,Aug,-,-,-,-,-,-,-,-,-,-,-,-,-
2050,Sep,-,-,-,-,-,-,-,-,-,-,-,-,-
2050,Oct,-,-,-,-,-,-,-,-,-,-,-,-,-
2050,Nov,-,-,-,-,-,-,-,-,-,-,-,-,-
2050,Dec,-,-,-,-,-,-,-,-,-,-,-,-,-
2051,Jan,-,-,-,-,-,-,-,-,-,-,-,-,-
2051,Feb,-,-,-,-,-,-,-,-,-,-,-,-,-
2051,Mar,-,-,-,-,-,-,-,-,-,-,-,-,-
2051,Apr,-,-,-,-,-,-,-,-,-,-,-,-,-
2051,May,-,-,-,-,-,-,-,-,-,-,-,-,-
2051,Jun,-,-,-,-,-,-,-,-,-,-,-,-,-
2051,Jul,-,-,-,-,-,-,-,-,-,-,-,-,-
2051,Aug,-,-,-,-,-,-,-,-,-,-,-,-,-
2051,Sep,-,-,-,-,-,-,-,-,-,-,-,-,-
2051,Oct,-,-,-,-,-,-,-,-,-,-,-,-,-
2051,Nov,-,-,-,-,-,-,-,-,-,-,-,-,-
2051,Dec,-,-,-,-,-,-,-,-,-,-,-,-,-
2052,Jan,-,-,-,-,-,-,-,-,-,-,-,-,-
2052,Feb,-,-,-,-,-,-,-,-,-,-,-,-,-
2052,Mar,-,-,-,-,-,-,-,-,-,-,-,-,-
2052,Apr,-,-,-,-,-,-,-,-,-,-,-,-,-
2052,May,-,-,-,-,-,-,-,-,-,-,-,-,-
2052,Jun,-,-,-,-,-,-,-,-,-,-,-,-,-
2052,Jul,-,-,-,-,-,-,-,-,-,-,-,-,-
2052,Aug,-,-,-,-,-,-,-,-,-,-,-,-,-
2052,Sep,-,-,-,-,-,-,-,-,-,-,-,-,-
2052,Oct,-,-,-,-,-,-,-,-,-,-,-,-,-
2052,Nov,-,-,-,-,-,-,-,-,-,-,-,-,-
2052,Dec,-,-,-,-,-,-,-,-,-,-,-,-,-
2053,Jan,-,-,-,-,-,-,-,-,-,-,-,-,-
2053,Feb,-,-,-,-,-,-,-,-,-,-,-,-,-
2053,Mar,-,-,-,-,-,-,-,-,-,-,-,-,-
2053,Apr,-,-,-,-,-,-,-,-,-,-,-,-,-
2053,May,-,-,-,-,-,-,-,-,-,-,-,-,-
2053,Jun,-,-,-,-,-,-,-,-,-,-,-,-,-
2053,Jul,-,-,-,-,-,-,-,-,-,-,-,-,-
2053,Aug,-,-,-,-,-,-,-,-,-,-,-,-,-
2053,Sep,-,-,-,-,-,-,-,-,-,-,-,-,-
2053,Oct,-,-,-,-,-,-,-,-,-,-,-,-,-
2053,Nov,-,-,-,-,-,-,-,-,-,-,-,-,-
2053,Dec,-,-,-,-,-,-,-,-,-,-,-,-,-
2054,Jan,-,-,-,-,-,-,-,-,-,-,-,-,-
2054,Feb,-,-,-,-,-,-,-,-,-,-,-,-,-
2054,Mar,-,-,-,-,-,-,-,-,-,-,-,-,-
2054,Apr,-,-,-,-,-,-,-,-,-,-,-,-,-
2054,May,-,-,-,-,-,-,-,-,-,-,-,-,-
2054,Jun,-,-,-,-,-,-,-,-,-,-,-,-,-
2054,Jul,-,-,-,-,-,-,-,-,-,-,-,-,-
2054,Aug,-,-,-,-,-,-,-,-,-,-,-,-,-
2054,Sep,-,-,-,-,-,-,-,-,-,-,-,-,-
2054,Oct,-,-,-,-,-,-,-,-,-,-,-,-,-
2054,Nov,-,-,-,-,-,-,-,-,-,-,-,-,-
2054,Dec,-,-,-,-,-,-,-,-,-,-,-,-,-
2055,Jan,-,-,-,-,-,-,-,-,-,-,-,-,-
2055,Feb,-,-,-,-,-,-,-,-,-,-,-,-,-
2055,Mar,-,-,-,-,-,-,-,-,-,-,-,-,-
2055,Apr,-,-,-,-,-,-,-,-,-,-,-,-,-
2055,May,-,-,-,-,-,-,-,-,-,-,-,-,-
2055,Jun,-,-,-,-,-,-,-,-,-,-,-,-,-
2055,Jul,-,-,-,-,-,-,-,-,-,-,-,-,-
2055,Aug,-,-,-,-,-,-,-,-,-,-,-,-,-
2055,Sep,-,-,-,-,-,-,-,-,-,-,-,-,-
2055,Oct,-,-,-,-,-,-,-,-,-,-,-,-,-
2055,Nov,-,-,-,-,-,-,-,-,-,-,-,-,-
2055,Dec,-,-,-,-,-,-,-,-,-,-,-,-,-
2056,Jan,-,-,-,-,-,-,-,-,-,-,-,-,-
2056,Feb,-,-,-,-,-,-,-,-,-,-,-,-,-
2056,Mar,-,-,-,-,-,-,-,-,-,-,-,-,-
2056,Apr,-,-,-,-,-,-,-,-,-,-,-,-,-
2056,May,-,-,-,-,-,-,-,-,-,-,-,-,-
2056,Jun,-,-,-,-,-,-,-,-,-,-,-,-,-
2056,Jul,-,-,-,-,-,-,-,-,-,-,-,-,-
2056,Aug,-,-,-,-,-,-,-,-,-,-,-,-,-
2056,Sep,-,-,-,-,-,-,-,-,-,-,-,-,-
2056,Oct,-,-,-,-,-,-,-,-,-,-,-,-,-
2056,Nov,-,-,-,-,-,-,-,-,-,-,-,-,-
2056,Dec,-,-,-,-,-,-,-,-,-,-,-,-,-
2057,Jan,-,-,-,-,-,-,-,-,-,-,-,-,-
2057,Feb,-,-,-,-,-,-,-,-,-,-,-,-,-
2057,Mar,-,-,-,-,-,-,-,-,-,-,-,-,-
2057,Apr,-,-,-,-,-,-,-,-,-,-,-,-,-
2057,May,-,-,-,-,-,-,-,-,-,-,-,-,-
2057,Jun,-,-,-,-,-,-,-,-,-,-,-,-,-
2057,Jul,-,-,-,-,-,-,-,-,-,-,-,-,-
2057,Aug,-,-,-,-,-,-,-,-,-,-,-,-,-
2057,Sep,-,-,-,-,-,-,-,-,-,-,-,-,-
2057,Oct,-,-,-,-,-,-,-,-,-,-,-,-,-
2057,Nov,-,-,-,-,-,-,-,-,-,-,-,-,-
2057,Dec,-,-,-,-,-,-,-,-,-,-,-,-,-
2058,Jan,-,-,-,-,-,-,-,-,-,-,-,-,-
2058,Feb,-,-,-,-,-,-,-,-,-,-,-,-,-
2058,Mar,-,-,-,-,-,-,-,-,-,-,-,-,-
2058,Apr,-,-,-,-,-,-,-,-,-,-,-,-,-
2058,May,-,-,-,-,-,-,-,-,-,-,-,-,-
2058,Jun,-,-,-,-,-,-,-,-,-,-,-,-,-
2058,Jul,-,-,-,-,-,-,-,-,-,-,-,-,-
2058,Aug,-,-,-,-,-,-,-,-,-,-,-,-,-
2058,Sep,-,-,-,-,-,-,-,-,-,-,-,-,-
2058,Oct,-,-,-,-,-,-,-,-,-,-,-,-,-
2058,Nov,-,-,-,-,-,-,-,-,-,-,-,-,-
2058,Dec,-,-,-,-,-,-,-,-,-,-,-,-,-
2059,Jan,-,-,-,-,-,-,-,-,-,-,-,-,-
2059,Feb,-,-,-,-,-,-,-,-,-,-,-,-,-
2059,Mar,-,-,-,-,-,-,-,-,-,-,-,-,-
2059,Apr,-,-,-,-,-,-,-,-,-,-,-,-,-
2059,May,-,-,-,-,-,-,-,-,-,-,-,-,-
2059,Jun,-,-,-,-,-,-,-,-,-,-,-,-,-
2059,Jul,-,-,-,-,-,-,-,-,-,-,-,-,-
2059,Aug,-,-,-,-,-,-,-,-,-,-,-,-,-
2059,Sep,-,-,-,-,-,-,-,-,-,-,-,-,-
2059,Oct,-,-,-,-,-,-,-,-,-,-,-,-,-
2059,Nov,-,-,-,-,-,-,-,-,-,-,-,-,-
2059,Dec,-,-,-,-,-,-,-,-,-,-,-,-,-
2060,Jan,-,-,-,-,-,-,-,-,-,-,-,-,-
2060,Feb,-,-,-,-,-,-,-,-,-,-,-,-,-
2060,Mar,-,-,-,-,-,-,-,-,-,-,-,-,-
2060,Apr,-,-,-,-,-,-,-,-,-,-,-,-,-
2060,May,-,-,-,-,-,-,-,-,-,-,-,-,-
2060,Jun,-,-,-,-,-,-,-,-,-,-,-,-,-
2060,Jul,-,-,-,-,-,-,-,-,-,-,-,-,-
2060,Aug,-,-,-,-,-,-,-,-,-,-,-,-,-
2060,Sep,-,-,-,-,-,-,-,-,-,-,-,-,-
2060,Oct,-,-,-,-,-,-,-,-,-,-,-,-,-
2060,Nov,-,-,-,-,-,-,-,-,-,-,-,-,-
2060,Dec,-,-,-,-,-,-,-,-,-,-,-,-,-
2061,Jan,-,-,-,-,-,-,-,-,-,-,-,-,-
2061,Feb,-,-,-,-,-,-,-,-,-,-,-,-,-
2061,Mar,-,-,-,-,-,-,-,-,-,-,-,-,-
2061,Apr,-,-,-,-,-,-,-,-,-,-,-,-,-
2061,May,-,-,-,-,-,-,-,-,-,-,-,-,-
2061,Jun,-,-,-,-,-,-,-,-,-,-,-,-,-
2061,Jul,-,-,-,-,-,-,-,-,-,-,-,-,-
2061,Aug,-,-,-,-,-,-,-,-,-,-,-,-,-
2061,Sep,-,-,-,-,-,-,-,-,-,-,-,-,-
2061,Oct,-,-,-,-,-,-,-,-,-,-,-,-,-
2061,Nov,-,-,-,-,-,-,-,-,-,-,-,-,-
2061,Dec,-,-,-,-,-,-,-,-,-,-,-,-,-
2062,Jan,-,-,-,-,-,-,-,-,-,-,-,-,-
2062,Feb,-,-,-,-,-,-,-,-,-,-,-,-,-
2062,Mar,-,-,-,-,-,-,-,-,-,-,-,-,-
2062,Apr,-,-,-,-,-,-,-,-,-,-,-,-,-
2062,May,-,-,-,-,-,-,-,-,-,-,-,-,-
2062,Jun,-,-,-,-,-,-,-,-,-,-,-,-,-
2062,Jul,-,-,-,-,-,-,-,-,-,-,-,-,-
2062,Aug,-,-,-,-,-,-,-,-,-,-,-,-,-
2062,Sep,-,-,-,-,-,-,-,-,-,-,-,-,-
2062,Oct,-,-,-,-,-,-,-,-,-,-,-,-,-
2062,Nov,-,-,-,-,-,-,-,-,-,-,-,-,-
2062,Dec,-,-,-,-,-,-,-,-,-,-,-,-,-
2063,Jan,-,-,-,-,-,-,-,-,-,-,-,-,-
2063,Feb,-,-,-,-,-,-,-,-,-,-,-,-,-
2063,Mar,-,-,-,-,-,-,-,-,-,-,-,-,-
2063,Apr,-,-,-,-,-,-,-,-,-,-,-,-,-
2063,May,-,-,-,-,-,-,-,-,-,-,-,-,-
2063,Jun,-,-,-,-,-,-,-,-,-,-,-,-,-
2063,Jul,-,-,-,-,-,-,-,-,-,-,-,-,-
2063,Aug,-,-,-,-,-,-,-,-,-,-,-,-,-
2063,Sep,-,-,-,-,-,-,-,-,-,-,-,-,-
2063,Oct,-,-,-,-,-,-,-,-,-,-,-,-,-
2063,Nov,-,-,-,-,-,-,-,-,-,-,-,-,-
2063,Dec,-,-,-,-,-,-,-,-,-,-,-,-,-
2064,Jan,-,-,-,-,-,-,-,-,-,-,-,-,-
2064,Feb,-,-,-,-,-,-,-,-,-,-,-,-,-
2064,Mar,-,-,-,-,-,-,-,-,-,-,-,-,-
2064,Apr,-,-,-,-,-,-,-,-,-,-,-,-,-
2064,May,-,-,-,-,-,-,-,-,-,-,-,-,-
2064,Jun,-,-,-,-,-,-,-,-,-,-,-,-,-
2064,Jul,-,-,-,-,-,-,-,-,-,-,-,-,-
2064,Aug,-,-,-,-,-,-,-,-,-,-,-,-,-
2064,Sep,-,-,-,-,-,-,-,-,-,-,-,-,-
2064,Oct,-,-,-,-,-,-,-,-,-,-,-,-,-
2064,Nov,-,-,-,-,-,-,-,-,-,-,-,-,-
2064,Dec,-,-,-,-,-,-,-,-,-,-,-,-,-
2065,Jan,-,-,-,-,-,-,-,-,-,-,-,-,-
2065,Feb,-,-,-,-,-,-,-,-,-,-,-,-,-
2065,Mar,-,-,-,-,-,-,-,-,-,-,-,-,-
2065,Apr,-,-,-,-,-,-,-,-,-,-,-,-,-
2065,May,-,-,-,-,-,-,-,-,-,-,-,-,-
2065,Jun,-,-,-,-,-,-,-,-,-,-,-,-,-
2065,Jul,-,-,-,-,-,-,-,-,-,-,-,-,-
2065,Aug,-,-,-,-,-,-,-,-,-,-,-,-,-
2065,Sep,-,-,-,-,-,-,-,-,-,-,-,-,-
2065,Oct,-,-,-,-,-,-,-,-,-,-,-,-,-
2065,Nov,-,-,-,-,-,-,-,-,-,-,-,-,-
2065,Dec,-,-,-,-,-,-,-,-,-,-,-,-,-
2066,Jan,-,-,-,-,-,-,-,-,-,-,-,-,-
2066,Feb,-,-,-,-,-,-,-,-,-,-,-,-,-
2066,Mar,-,-,-,-,-,-,-,-,-,-,-,-,-
2066,Apr,-,-,-,-,-,-,-,-,-,-,-,-,-
2066,May,-,-,-,-,-,-,-,-,-,-,-,-,-
2066,Jun,-,-,-,-,-,-,-,-,-,-,-,-,-
2066,Jul,-,-,-,-,-,-,-,-,-,-,-,-,-
2066,Aug,-,-,-,-,-,-,-,-,-,-,-,-,-
2066,Sep,-,-,-,-,-,-,-,-,-,-,-,-,-
2066,Oct,-,-,-,-,-,-,-,-,-,-,-,-,-
2066,Nov,-,-,-,-,-,-,-,-,-,-,-,-,-
2066,Dec,-,-,-,-,-,-,-,-,-,-,-,-,-
2067,Jan,-,-,-,-,-,-,-,-,-,-,-,-,-
2067,Feb,-,-,-,-,-,-,-,-,-,-,-,-,-
2067,Mar,-,-,-,-,-,-,-,-,-,-,-,-,-
2067,Apr,-,-,-,-,-,-,-,-,-,-,-,-,-
2067,May,-,-,-,-,-,-,-,-,-,-,-,-,-
2067,Jun,-,-,-,-,-,-,-,-,-,-,-,-,-
2067,Jul,-,-,-,-,-,-,-,-,-,-,-,-,-
2067,Aug,-,-,-,-,-,-,-,-,-,-,-,-,-
2067,Sep,-,-,-,-,-,-,-,-,-,-,-,-,-
2067,Oct,-,-,-,-,-,-,-,-,-,-,-,-,-
2067,Nov,-,-,-,-,-,-,-,-,-,-,-,-,-
2067,Dec,-,-,-,-,-,-,-,-,-,-,-,-,-
2068,Jan,-,-,-,-,-,-,-,-,-,-,-,-,-
2068,Feb,-,-,-,-,-,-,-,-,-,-,-,-,-
2068,Mar,-,-,-,-,-,-,-,-,-,-,-,-,-
2068,Apr,-,-,-,-,-,-,-,-,-,-,-,-,-
2068,May,-,-,-,-,-,-,-,-,-,-,-,-,-
2068,Jun,-,-,-,-,-,-,-,-,-,-,-,-,-
2068,Jul,-,-,-,-,-,-,-,-,-,-,-,-,-
2068,Aug,-,-,-,-,-,-,-,-,-,-,-,-,-
2068,Sep,-,-,-,-,-,-,-,-,-,-,-,-,-
2068,Oct,-,-,-,-,-,-,-,-,-,-,-,-,-
2068,Nov,-,-,-,-,-,-,-,-,-,-,-,-,-
2068,Dec,-,-,-,-,-,-,-,-,-,-,-,-,-
2069,Jan,-,-,-,-,-,-,-,-,-,-,-,-,-
2069,Feb,-,-,-,-,-,-,-,-,-,-,-,-,-
2069,Mar,-,-,-,-,-,-,-,-,-,-,-,-,-
2069,Apr,-,-,-,-,-,-,-,-,-,-,-,-,-
2069,May,-,-,-,-,-,-,-,-,-,-,-,-,-
2069,Jun,-,-,-,-,-,-,-,-,-,-,-,-,-
2069,Jul,-,-,-,-,-,-,-,-,-,-,-,-,-
2069,Aug,-,-,-,-,-,-,-,-,-,-,-,-,-
2069,Sep,-,-,-,-,-,-,-,-,-,-,-,-,-
2069,Oct,-,-,-,-,-,-,-,-,-,-,-,-,-
2069,Nov,-,-,-,-,-,-,-,-,-,-,-,-,-
2069,Dec,-,-,-,-,-,-,-,-,-,-,-,-,-
2070,Jan,-,-,-,-,-,-,-,-,-,-,-,-,-
2070,Feb,-,-,-,-,-,-,-,-,-,-,-,-,-
2070,Mar,-,-,-,-,-,-,-,-,-,-,-,-,-
2070,Apr,-,-,-,-,-,-,-,-,-,-,-,-,-
2070,May,-,-,-,-,-,-,-,-,-,-,-,-,-
2070,Jun,-,-,-,-,-,-,-,-,-,-,-,-,-
2070,Jul,-,-,-,-,-,-,-,-,-,-,-,-,-
2070,Aug,-,-,-,-,-,-,-,-,-,-,-,-,-
2070,Sep,-,-,-,-,-,-,-,-,-,-,-,-,-
2070,Oct,-,-,-,-,-,-,-,-,-,-,-,-,-
2070,Nov,-,-,-,-,-,-,-,-,-,-,-,-,-
2070,Dec,-,-,-,-,-,-,-,-,-,-,-,-,-
2071,Jan,-,-,-,-,-,-,-,-,-,-,-,-,-
2071,Feb,-,-,-,-,-,-,-,-,-,-,-,-,-
2071,Mar,-,-,-,-,-,-,-,-,-,-,-,-,-
2071,Apr,-,-,-,-,-,-,-,-,-,-,-,-,-
2071,May,-,-,-,-,-,-,-,-,-,-,-,-,-
2071,Jun,-,-,-,-,-,-,-,-,-,-,-,-,-
2071,Jul,-,-,-,-,-,-,-,-,-,-,-,-,-
2071,Aug,-,-,-,-,-,-,-,-,-,-,-,-,-
2071,Sep,-,-,-,-,-,-,-,-,-,-,-,-,-
2071,Oct,-,-,-,-,-,-,-,-,-,-,-,-,-
2071,Nov,-,-,-,-,-,-,-,-,-,-,-,-,-
2071,Dec,-,-,-,-,-,-,-,-,-,-,-,-,-
2072,Jan,-,-,-,-,-,-,-,-,-,-,-,-,-
2072,Feb,-,-,-,-,-,-,-,-,-,-,-,-,-
2072,Mar,-,-,-,-,-,-,-,-,-,-,-,-,-
2072,Apr,-,-,-,-,-,-,-,-,-,-,-,-,-
2072,May,-,-,-,-,-,-,-,-,-,-,-,-,-
2072,Jun,-,-,-,-,-,-,-,-,-,-,-,-,-
2072,Jul,-,-,-,-,-,-,-,-,-,-,-,-,-
2072,Aug,-,-,-,-,-,-,-,-,-,-,-,-,-
2072,Sep,-,-,-,-,-,-,-,-,-,-,-,-,-
2072,Oct,-,-,-,-,-,-,-,-,-,-,-,-,-
2072,Nov,-,-,-,-,-,-,-,-,-,-,-,-,-
2072,Dec,-,-,-,-,-,-,-,-,-,-,-,-,-
2073,Jan,-,-,-,-,-,-,-,-,-,-,-,-,-
2073,Feb,-,-,-,-,-,-,-,-,-,-,-,-,-
2073,Mar,-,-,-,-,-,-,-,-,-,-,-,-,-
2073,Apr,-,-,-,-,-,-,-,-,-,-,-,-,-
2073,May,-,-,-,-,-,-,-,-,-,-,-,-,-
2073,Jun,-,-,-,-,-,-,-,-,-,-,-,-,-
2073,Jul,-,-,-,-,-,-,-,-,-,-,-,-,-
2073,Aug,-,-,-,-,-,-,-,-,-,-,-,-,-
2073,Sep,-,-,-,-,-,-,-,-,-,-,-,-,-
2073,Oct,-,-,-,-,-,-,-,-,-,-,-,-,-
2073,Nov,-,-,-,-,-,-,-,-,-,-,-,-,-
2073,Dec,-,-,-,-,-,-,-,-,-,-,-,-,-
2074,Jan,-,-,-,-,-,-,-,-,-,-,-,-,-
2074,Feb,-,-,-,-,-,-,-,-,-,-,-,-,-
2074,Mar,-,-,-,-,-,-,-,-,-,-,-,-,-
2074,Apr,-,-,-,-,-,-,-,-,-,-,-,-,-
2074,May,-,-,-,-,-,-,-,-,-,-,-,-,-
2074,Jun,-,-,-,-,-,-,-,-,-,-,-,-,-
2074,Jul,-,-,-,-,-,-,-,-,-,-,-,-,-
2074,Aug,-,-,-,-,-,-,-,-,-,-,-,-,-
2074,Sep,-,-,-,-,-,-,-,-,-,-,-,-,-
2074,Oct,-,-,-,-,-,-,-,-,-,-,-,-,-
2074,Nov,-,-,-,-,-,-,-,-,-,-,-,-,-
2074,Dec,-,-,-,-,-,-,-,-,-,-,-,-,-
2075,Jan,-,-,-,-,-,-,-,-,-,-,-,-,-
2075,Feb,-,-,-,-,-,-,-,-,-,-,-,-,-
2075,Mar,-,-,-,-,-,-,-,-,-,-,-,-,-
2075,Apr,-,-,-,-,-,-,-,-,-,-,-,-,-
2075,May,-,-,-,-,-,-,-,-,-,-,-,-,-
2075,Jun,-,-,-,-,-,-,-,-,-,-,-,-,-
2075,Jul,-,-,-,-,-,-,-,-,-,-,-,-,-
2075,Aug,-,-,-,-,-,-,-,-,-,-,-,-,-
2075,Sep,-,-,-,-,-,-,-,-,-,-,-,-,-
2075,Oct,-,-,-,-,-,-,-,-,-,-,-,-,-
2075,Nov,-,-,-,-,-,-,-,-,-,-,-,-,-
2075,Dec,-,-,-,-,-,-,-,-,-,-,-,-,-
2076,Jan,-,-,-,-,-,-,-,-,-,-,-,-,-
2076,Feb,-,-,-,-,-,-,-,-,-,-,-,-,-
2076,Mar,-,-,-,-,-,-,-,-,-,-,-,-,-
2076,Apr,-,-,-,-,-,-,-,-,-,-,-,-,-
2076,May,-,-,-,-,-,-,-,-,-,-,-,-,-
2076,Jun,-,-,-,-,-,-,-,-,-,-,-,-,-
2076,Jul,-,-,-,-,-,-,-,-,-,-,-,-,-
2076,Aug,-,-,-,-,-,-,-,-,-,-,-,-,-
2076,Sep,-,-,-,-,-,-,-,-,-,-,-,-,-
2076,Oct,-,-,-,-,-,-,-,-,-,-,-,-,-
2076,Nov,-,-,-,-,-,-,-,-,-,-,-,-,-
2076,Dec,-,-,-,-,-,-,-,-,-,-,-,-,-
2077,Jan,-,-,-,-,-,-,-,-,-,-,-,-,-
2077,Feb,-,-,-,-,-,-,-,-,-,-,-,-,-
2077,Mar,-,-,-,-,-,-,-,-,-,-,-,-,-
2077,Apr,-,-,-,-,-,-,-,-,-,-,-,-,-
2077,May,-,-,-,-,-,-,-,-,-,-,-,-,-
2077,Jun,-,-,-,-,-,-,-,-,-,-,-,-,-
2077,Jul,-,-,-,-,-,-,-,-,-,-,-,-,-
2077,Aug,-,-,-,-,-,-,-,-,-,-,-,-,-
2077,Sep,-,-,-,-,-,-,-,-,-,-,-,-,-
2077,Oct,-,-,-,-,-,-,-,-,-,-,-,-,-
2077,Nov,-,-,-,-,-,-,-,-,-,-,-,-,-
2077,Dec,-,-,-,-,-,-,-,-,-,-,-,-,-
2078,Jan,-,-,-,-,-,-,-,-,-,-,-,-,-
2078,Feb,-,-,-,-,-,-,-,-,-,-,-,-,-
2078,Mar,-,-,-,-,-,-,-,-,-,-,-,-,-
2078,Apr,-,-,-,-,-,-,-,-,-,-,-,-,-
2078,May,-,-,-,-,-,-,-,-,-,-,-,-,-
2078,Jun,-,-,-,-,-,-,-,-,-,-,-,-,-
2078,Jul,-,-,-,-,-,-,-,-,-,-,-,-,-
2078,Aug,-,-,-,-,-,-,-,-,-,-,-,-,-
2078,Sep,-,-,-,-,-,-,-,-,-,-,-,-,-
2078,Oct,-,-,-,-,-,-,-,-,-,-,-,-,-
2078,Nov,-,-,-,-,-,-,-,-,-,-,-,-,-
2078,Dec,-,-,-,-,-,-,-,-,-,-,-,-,-
2079,Jan,-,-,-,-,-,-,-,-,-,-,-,-,-
2079,Feb,-,-,-,-,-,-,-,-,-,-,-,-,-
2079,Mar,-,-,-,-,-,-,-,-,-,-,-,-,-
2079,Apr,-,-,-,-,-,-,-,-,-,-,-,-,-
2079,May,-,-,-,-,-,-,-,-,-,-,-,-,-
2079,Jun,-,-,-,-,-,-,-,-,-,-,-,-,-
2079,Jul,-,-,-,-,-,-,-,-,-,-,-,-,-
2079,Aug,-,-,-,-,-,-,-,-,-,-,-,-,-
2079,Sep,-,-,-,-,-,-,-,-,-,-,-,-,-
2079,Oct,-,-,-,-,-,-,-,-,-,-,-,-,-
2079,Nov,-,-,-,-,-,-,-,-,-,-,-,-,-
2079,Dec,-,-,-,-,-,-,-,-,-,-,-,-,-
2080,Jan,-,-,-,-,-,-,-,-,-,-,-,-,-
2080,Feb,-,-,-,-,-,-,-,-,-,-,-,-,-
2080,Mar,-,-,-,-,-,-,-,-,-,-,-,-,-
2080,Apr,-,-,-,-,-,-,-,-,-,-,-,-,-
2080,May,-,-,-,-,-,-,-,-,-,-,-,-,-
2080,Jun,-,-,-,-,-,-,-,-,-,-,-,-,-
2080,Jul,-,-,-,-,-,-,-,-,-,-,-,-,-
2080,Aug,-,-,-,-,-,-,-,-,-,-,-,-,-
2080,Sep,-,-,-,-,-,-,-,-,-,-,-,-,-
2080,Oct,-,-,-,-,-,-,-,-,-,-,-,-,-
2080,Nov,-,-,-,-,-,-,-,-,-,-,-,-,-
2080,Dec,-,-,-,-,-,-,-,-,-,-,-,-,-
2081,Jan,-,-,-,-,-,-,-,-,-,-,-,-,-
2081,Feb,-,-,-,-,-,-,-,-,-,-,-,-,-
2081,Mar,-,-,-,-,-,-,-,-,-,-,-,-,-
2081,Apr,-,-,-,-,-,-,-,-,-,-,-,-,-
2081,May,-,-,-,-,-,-,-,-,-,-,-,-,-
2081,Jun,-,-,-,-,-,-,-,-,-,-,-,-,-
2081,Jul,-,-,-,-,-,-,-,-,-,-,-,-,-
2081,Aug,-,-,-,-,-,-,-,-,-,-,-,-,-
2081,Sep,-,-,-,-,-,-,-,-,-,-,-,-,-
2081,Oct,-,-,-,-,-,-,-,-,-,-,-,-,-
2081,Nov,-,-,-,-,-,-,-,-,-,-,-,-,-
2081,Dec,-,-,-,-,-,-,-,-,-,-,-,-,-
2082,Jan,-,-,-,-,-,-,-,-,-,-,-,-,-
2082,Feb,-,-,-,-,-,-,-,-,-,-,-,-,-
2082,Mar,-,-,-,-,-,-,-,-,-,-,-,-,-
2082,Apr,-,-,-,-,-,-,-,-,-,-,-,-,-
2082,May,-,-,-,-,-,-,-,-,-,-,-,-,-
2082,Jun,-,-,-,-,-,-,-,-,-,-,-,-,-
2082,Jul,-,-,-,-,-,-,-,-,-,-,-,-,-
2082,Aug,-,-,-,-,-,-,-,-,-,-,-,-,-
2082,Sep,-,-,-,-,-,-,-,-,-,-,-,-,-
2082,Oct,-,-,-,-,-,-,-,-,-,-,-,-,-
2082,Nov,-,-,-,-,-,-,-,-,-,-,-,-,-
2082,Dec,-,-,-,-,-,-,-,-,-,-,-,-,-
2083,Jan,-,-,-,-,-,-,-,-,-,-,-,-,-
2083,Feb,-,-,-,-,-,-,-,-,-,-,-,-,-
2083,Mar,-,-,-,-,-,-,-,-,-,-,-,-,-
2083,Apr,-,-,-,-,-,-,-,-,-,-,-,-,-
2083,May,-,-,-,-,-,-,-,-,-,-,-,-,-
2083,Jun,-,-,-,-,-,-,-,-,-,-,-,-,-
2083,Jul,-,-,-,-,-,-,-,-,-,-,-,-,-
2083,Aug,-,-,-,-,-,-,-,-,-,-,-,-,-
2083,Sep,-,-,-,-,-,-,-,-,-,-,-,-,-
2083,Oct,-,-,-,-,-,-,-,-,-,-,-,-,-
2083,Nov,-,-,-,-,-,-,-,-,-,-,-,-,-
2083,Dec,-,-,-,-,-,-,-,-,-,-,-,-,-
2084,Jan,-,-,-,-,-,-,-,-,-,-,-,-,-
2084,Feb,-,-,-,-,-,-,-,-,-,-,-,-,-
2084,Mar,-,-,-,-,-,-,-,-,-,-,-,-,-
2084,Apr,-,-,-,-,-,-,-,-,-,-,-,-,-
2084,May,-,-,-,-,-,-,-,-,-,-,-,-,-
2084,Jun,-,-,-,-,-,-,-,-,-,-,-,-,-
2084,Jul,-,-,-,-,-,-,-,-,-,-,-,-,-
2084,Aug,-,-,-,-,-,-,-,-,-,-,-,-,-
2084,Sep,-,-,-,-,-,-,-,-,-,-,-,-,-
2084,Oct,-,-,-,-,-,-,-,-,-,-,-,-,-
2084,Nov,-,-,-,-,-,-,-,-,-,-,-,-,-
2084,Dec,-,-,-,-,-,-,-,-,-,-,-,-,-
2085,Jan,-,-,-,-,-,-,-,-,-,-,-,-,-
2085,Feb,-,-,-,-,-,-,-,-,-,-,-,-,-
2085,Mar,-,-,-,-,-,-,-,-,-,-,-,-,-
2085,Apr,-,-,-,-,-,-,-,-,-,-,-,-,-
2085,May,-,-,-,-,-,-,-,-,-,-,-,-,-
2085,Jun,-,-,-,-,-,-,-,-,-,-,-,-,-
2085,Jul,-,-,-,-,-,-,-,-,-,-,-,-,-
2085,Aug,-,-,-,-,-,-,-,-,-,-,-,-,-
2085,Sep,-,-,-,-,-,-,-,-,-,-,-,-,-
2085,Oct,-,-,-,-,-,-,-,-,-,-,-,-,-
2085,Nov,-,-,-,-,-,-,-,-,-,-,-,-,-
2085,Dec,-,-,-,-,-,-,-,-,-,-,-,-,-
2086,Jan,-,-,-,-,-,-,-,-,-,-,-,-,-
2086,Feb,-,-,-,-,-,-,-,-,-,-,-,-,-
2086,Mar,-,-,-,-,-,-,-,-,-,-,-,-,-
2086,Apr,-,-,-,-,-,-,-,-,-,-,-,-,-
2086,May,-,-,-,-,-,-,-,-,-,-,-,-,-
2086,Jun,-,-,-,-,-,-,-,-,-,-,-,-,-
2086,Jul,-,-,-,-,-,-,-,-,-,-,-,-,-
2086,Aug,-,-,-,-,-,-,-,-,-,-,-,-,-
2086,Sep,-,-,-,-,-,-,-,-,-,-,-,-,-
2086,Oct,-,-,-,-,-,-,-,-,-,-,-,-,-
2086,Nov,-,-,-,-,-,-,-,-,-,-,-,-,-
2086,Dec,-,-,-,-,-,-,-,-,-,-,-,-,-
2087,Jan,-,-,-,-,-,-,-,-,-,-,-,-,-
2087,Feb,-,-,-,-,-,-,-,-,-,-,-,-,-
2087,Mar,-,-,-,-,-,-,-,-,-,-,-,-,-
2087,Apr,-,-,-,-,-,-,-,-,-,-,-,-,-
2087,May,-,-,-,-,-,-,-,-,-,-,-,-,-
2087,Jun,-,-,-,-,-,-,-,-,-,-,-,-,-
2087,Jul,-,-,-,-,-,-,-,-,-,-,-,-,-
2087,Aug,-,-,-,-,-,-,-,-,-,-,-,-,-
2087,Sep,-,-,-,-,-,-,-,-,-,-,-,-,-
2087,Oct,-,-,-,-,-,-,-,-,-,-,-,-,-
2087,Nov,-,-,-,-,-,-,-,-,-,-,-,-,-
2087,Dec,-,-,-,-,-,-,-,-,-,-,-,-,-
2088,Jan,-,-,-,-,-,-,-,-,-,-,-,-,-
2088,Feb,-,-,-,-,-,-,-,-,-,-,-,-,-
2088,Mar,-,-,-,-,-,-,-,-,-,-,-,-,-
2088,Apr,-,-,-,-,-,-,-,-,-,-,-,-,-
2088,May,-,-,-,-,-,-,-,-,-,-,-,-,-
2088,Jun,-,-,-,-,-,-,-,-,-,-,-,-,-
2088,Jul,-,-,-,-,-,-,-,-,-,-,-,-,-
2088,Aug,-,-,-,-,-,-,-,-,-,-,-,-,-
2088,Sep,-,-,-,-,-,-,-,-,-,-,-,-,-
2088,Oct,-,-,-,-,-,-,-,-,-,-,-,-,-
2088,Nov,-,-,-,-,-,-,-,-,-,-,-,-,-
2088,Dec,-,-,-,-,-,-,-,-,-,-,-,-,-
2089,Jan,-,-,-,-,-,-,-,-,-,-,-,-,-
2089,Feb,-,-,-,-,-,-,-,-,-,-,-,-,-
2089,Mar,-,-,-,-,-,-,-,-,-,-,-,-,-
2089,Apr,-,-,-,-,-,-,-,-,-,-,-,-,-
2089,May,-,-,-,-,-,-,-,-,-,-,-,-,-
2089,Jun,-,-,-,-,-,-,-,-,-,-,-,-,-
2089,Jul,-,-,-,-,-,-,-,-,-,-,-,-,-
2089,Aug,-,-,-,-,-,-,-,-,-,-,-,-,-
2089,Sep,-,-,-,-,-,-,-,-,-,-,-,-,-
2089,Oct,-,-,-,-,-,-,-,-,-,-,-,-,-
2089,Nov,-,-,-,-,-,-,-,-,-,-,-,-,-
2089,Dec,-,-,-,-,-,-,-,-,-,-,-,-,-
2090,Jan,-,-,-,-,-,-,-,-,-,-,-,-,-
2090,Feb,-,-,-,-,-,-,-,-,-,-,-,-,-
2090,Mar,-,-,-,-,-,-,-,-,-,-,-,-,-
2090,Apr,-,-,-,-,-,-,-,-,-,-,-,-,-
2090,May,-,-,-,-,-,-,-,-,-,-,-,-,-
2090,Jun,-,-,-,-,-,-,-,-,-,-,-,-,-
2090,Jul,-,-,-,-,-,-,-,-,-,-,-,-,-
2090,Aug,-,-,-,-,-,-,-,-,-,-,-,-,-
2090,Sep,-,-,-,-,-,-,-,-,-,-,-,-,-
2090,Oct,-,-,-,-,-,-,-,-,-,-,-,-,-
2090,Nov,-,-,-,-,-,-,-,-,-,-,-,-,-
2090,Dec,-,-,-,-,-,-,-,-,-,-,-,-,-
2091,Jan,-,-,-,-,-,-,-,-,-,-,-,-,-
2091,Feb,-,-,-,-,-,-,-,-,-,-,-,-,-
2091,Mar,-,-,-,-,-,-,-,-,-,-,-,-,-
2091,Apr,-,-,-,-,-,-,-,-,-,-,-,-,-
2091,May,-,-,-,-,-,-,-,-,-,-,-,-,-
2091,Jun,-,-,-,-,-,-,-,-,-,-,-,-,-
2091,Jul,-,-,-,-,-,-,-,-,-,-,-,-,-
2091,Aug,-,-,-,-,-,-,-,-,-,-,-,-,-
2091,Sep,-,-,-,-,-,-,-,-,-,-,-,-,-
2091,Oct,-,-,-,-,-,-,-,-,-,-,-,-,-
2091,Nov,-,-,-,-,-,-,-,-,-,-,-,-,-
2091,Dec,-,-,-,-,-,-,-,-,-,-,-,-,-
2092,Jan,-,-,-,-,-,-,-,-,-,-,-,-,-
2092,Feb,-,-,-,-,-,-,-,-,-,-,-,-,-
2092,Mar,-,-,-,-,-,-,-,-,-,-,-,-,-
2092,Apr,-,-,-,-,-,-,-,-,-,-,-,-,-
2092,May,-,-,-,-,-,-,-,-,-,-,-,-,-
2092,Jun,-,-,-,-,-,-,-,-,-,-,-,-,-
2092,Jul,-,-,-,-,-,-,-,-,-,-,-,-,-
2092,Aug,-,-,-,-,-,-,-,-,-,-,-,-,-
2092,Sep,-,-,-,-,-,-,-,-,-,-,-,-,-
2092,Oct,-,-,-,-,-,-,-,-,-,-,-,-,-
2092,Nov,-,-,-,-,-,-,-,-,-,-,-,-,-
2092,Dec,-,-,-,-,-,-,-,-,-,-,-,-,-
2093,Jan,-,-,-,-,-,-,-,-,-,-,-,-,-
2093,Feb,-,-,-,-,-,-,-,-,-,-,-,-,-
2093,Mar,-,-,-,-,-,-,-,-,-,-,-,-,-
2093,Apr,-,-,-,-,-,-,-,-,-,-,-,-,-
2093,May,-,-,-,-,-,-,-,-,-,-,-,-,-
2093,Jun,-,-,-,-,-,-,-,-,-,-,-,-,-
2093,Jul,-,-,-,-,-,-,-,-,-,-,-,-,-
2093,Aug,-,-,-,-,-,-,-,-,-,-,-,-,-
2093,Sep,-,-,-,-,-,-,-,-,-,-,-,-,-
2093,Oct,-,-,-,-,-,-,-,-,-,-,-,-,-
2093,Nov,-,-,-,-,-,-,-,-,-,-,-,-,-
2093,Dec,-,-,-,-,-,-,-,-,-,-,-,-,-
2094,Jan,-,-,-,-,-,-,-,-,-,-,-,-,-
2094,Feb,-,-,-,-,-,-,-,-,-,-,-,-,-
2094,Mar,-,-,-,-,-,-,-,-,-,-,-,-,-
2094,Apr,-,-,-,-,-,-,-,-,-,-,-,-,-
2094,May,-,-,-,-,-,-,-,-,-,-,-,-,-
2094,Jun,-,-,-,-,-,-,-,-,-,-,-,-,-
2094,Jul,-,-,-,-,-,-,-,-,-,-,-,-,-
2094,Aug,-,-,-,-,-,-,-,-,-,-,-,-,-
2094,Sep,-,-,-,-,-,-,-,-,-,-,-,-,-
2094,Oct,-,-,-,-,-,-,-,-,-,-,-,-,-
2094,Nov,-,-,-,-,-,-,-,-,-,-,-,-,-
2094,Dec,-,-,-,-,-,-,-,-,-,-,-,-,-
2095,Jan,-,-,-,-,-,-,-,-,-,-,-,-,-
2095,Feb,-,-,-,-,-,-,-,-,-,-,-,-,-
2095,Mar,-,-,-,-,-,-,-,-,-,-,-,-,-
2095,Apr,-,-,-,-,-,-,-,-,-,-,-,-,-
2095,May,-,-,-,-,-,-,-,-,-,-,-,-,-
2095,Jun,-,-,-,-,-,-,-,-,-,-,-,-,-
2095,Jul,-,-,-,-,-,-,-,-,-,-,-,-,-
2095,Aug,-,-,-,-,-,-,-,-,-,-,-,-,-
2095,Sep,-,-,-,-,-,-,-,-,-,-,-,-,-
2095,Oct,-,-,-,-,-,-,-,-,-,-,-,-,-
2095,Nov,-,-,-,-,-,-,-,-,-,-,-,-,-
2095,Dec,-,-,-,-,-,-,-,-,-,-,-,-,-
2096,Jan,-,-,-,-,-,-,-,-,-,-,-,-,-
2096,Feb,-,-,-,-,-,-,-,-,-,-,-,-,-
2096,Mar,-,-,-,-,-,-,-,-,-,-,-,-,-
2096,Apr,-,-,-,-,-,-,-,-,-,-,-,-,-
2096,May,-,-,-,-,-,-,-,-,-,-,-,-,-
2096,Jun,-,-,-,-,-,-,-,-,-,-,-,-,-
2096,Jul,-,-,-,-,-,-,-,-,-,-,-,-,-
2096,Aug,-,-,-,-,-,-,-,-,-,-,-,-,-
2096,Sep,-,-,-,-,-,-,-,-,-,-,-,-,-
2096,Oct,-,-,-,-,-,-,-,-,-,-,-,-,-
2096,Nov,-,-,-,-,-,-,-,-,-,-,-,-,-
2096,Dec,-,-,-,-,-,-,-,-,-,-,-,-,-
2097,Jan,-,-,-,-,-,-,-,-,-,-,-,-,-
2097,Feb,-,-,-,-,-,-,-,-,-,-,-,-,-
2097,Mar,-,-,-,-,-,-,-,-,-,-,-,-,-
2097,Apr,-,-,-,-,-,-,-,-,-,-,-,-,-
2097,May,-,-,-,-,-,-,-,-,-,-,-,-,-
2097,Jun,-,-,-,-,-,-,-,-,-,-,-,-,-
2097,Jul,-,-,-,-,-,-,-,-,-,-,-,-,-
2097,Aug,-,-,-,-,-,-,-,-,-,-,-,-,-
2097,Sep,-,-,-,-,-,-,-,-,-,-,-,-,-
2097,Oct,-,-,-,-,-,-,-,-,-,-,-,-,-
2097,Nov,-,-,-,-,-,-,-,-,-,-,-,-,-
2097,Dec,-,-,-,-,-,-,-,-,-,-,-,-,-
2098,Jan,-,-,-,-,-,-,-,-,-,-,-,-,-
2098,Feb,-,-,-,-,-,-,-,-,-,-,-,-,-
2098,Mar,-,-,-,-,-,-,-,-,-,-,-,-,-
2098,Apr,-,-,-,-,-,-,-,-,-,-,-,-,-
2098,May,-,-,-,-,-,-,-,-,-,-,-,-,-
2098,Jun,-,-,-,-,-,-,-,-,-,-,-,-,-
2098,Jul,-,-,-,-,-,-,-,-,-,-,-,-,-
2098,Aug,-,-,-,-,-,-,-,-,-,-,-,-,-
2098,Sep,-,-,-,-,-,-,-,-,-,-,-,-,-
2098,Oct,-,-,-,-,-,-,-,-,-,-,-,-,-
2098,Nov,-,-,-,-,-,-,-,-,-,-,-,-,-
2098,Dec,-,-,-,-,-,-,-,-,-,-,-,-,-
2099,Jan,-,-,-,-,-,-,-,-,-,-,-,-,-
2099,Feb,-,-,-,-,-,-,-,-,-,-,-,-,-
2099,Mar,-,-,-,-,-,-,-,-,-,-,-,-,-
2099,Apr,-,-,-,-,-,-,-,-,-,-,-,-,-
2099,May,-,-,-,-,-,-,-,-,-,-,-,-,-
2099,Jun,-,-,-,-,-,-,-,-,-,-,-,-,-
2099,Jul,-,-,-,-,-,-,-,-,-,-,-,-,-
2099,Aug,-,-,-,-,-,-,-,-,-,-,-,-,-
2099,Sep,-,-,-,-,-,-,-,-,-,-,-,-,-
2099,Oct,-,-,-,-,-,-,-,-,-,-,-,-,-
2099,Nov,-,-,-,-,-,-,-,-,-,-,-,-,-
2099,Dec,-,-,-,-,-,-,-,-,-,-,-,-,-
2100,Jan,-,-,-,-,-,-,-,-,-,-,-,-,-
2100,Feb,-,-,-,-,-,-,-,-,-,-,-,-,-
2100,Mar,-,-,-,-,-,-,-,-,-,-,-,-,-
2100,Apr,-,-,-,-,-,-,-,-,-,-,-,-,-
2100,May,-,-,-,-,-,-,-,-,-,-,-,-,-
2100,Jun,-,-,-,-,-,-,-,-,-,-,-,-,-
2100,Jul,-,-,-,-,-,-,-,-,-,-,-,-,-
2100,Aug,-,-,-,-,-,-,-,-,-,-,-,-,-
2100,Sep,-,-,-,-,-,-,-,-,-,-,-,-,-
2100,Oct,-,-,-,-,-,-,-,-,-,-,-,-,-
2100,Nov,-,-,-,-,-,-,-,-,-,-,-,-,-
2100,Dec,-,-,-,-,-,-,-,-,-,-,-,-,-
