month,year,high_res.cld,high_res.dtr,high_res.pre,high_res.tmp,high_res.vap
1,2000,50,9.1,55.6,27.4,25.7
2,2000,50.2,8,27.6,27.6,26.2
3,2000,53.4,7.3,64.4,29.2,29.7
4,2000,71.3,5.1,181.6,29.1,32.9
5,2000,77.3,5.7,221.7,29.3,32.6
6,2000,82.7,5.5,200,28.7,31
7,2000,84.4,5.6,160.4,28.4,31
8,2000,81.2,5.9,156.1,28.6,30.7
9,2000,89.3,6.8,183.7,27.9,30.7
10,2000,83.8,6.8,301.9,27.7,31.4
11,2000,60.8,9.3,28.5,27.3,24.5
12,2000,49,9.5,6.2,27.9,24.7
1,2001,37.92724783,10.66544957,23.83089913,26.46266545,23.8
2,2001,30.28840712,9.938840712,3.212870835,28.02596988,27.7
3,2001,40.13733455,7.585623003,55.60985851,29.77275217,29.6
4,2001,47.22295755,7.35107257,127.9339115,30.99721588,31.4
5,2001,70.9819717,7.271246006,189.0287084,29.9360566,31.65107257
6,2001,81.85536285,6.05686901,154.0509356,29.28712916,30.71223186
7,2001,71.96759471,6.473391146,167.6869922,28.7036513,30.4
8,2001,80.94098585,6.05107257,106.3616157,28.79141944,30.6
9,2001,77.71652214,7.275536285,224.790963,28.5036513,30.81223186
10,2001,69.46973984,7.987768142,357.2675947,27.95472387,30.2
11,2001,55.36179827,8.912231858,188.5948425,27.73240529,27
12,2001,42.61501597,10.68991328,0,26.05257873,22.91223186
1,2002,35.40842081,11.46168416,10.42336832,26.77841168,24
2,2002,34.07129165,8.637129165,61.19643998,28.94068918,27.7
3,2002,47.62158832,7.288019169,135.3653583,29.49157919,29.7
4,2002,47.20960749,7.749703332,66.45445002,30.31672752,31.6
5,2002,69.67307166,7.376038339,158.1643998,30.35385669,31.74970333
6,2002,78.04851666,6.864057508,128.4710178,29.50356002,30.61257417
7,2002,79.46109083,6.575445002,127.3248745,28.81494751,30.4
8,2002,87.13653583,5.849703332,174.1584893,28.50237335,30.7
9,2002,81.51138749,7.274851666,238.9067549,28.31494751,30.71257417
10,2002,79.46049749,6.587425833,417.2610908,27.76465084,30.2
11,2002,51.54673665,9.612574167,64.76951164,27.33890917,26.8
12,2002,31.39584665,12.3868325,0.411980831,24.86524418,22.61257417
1,2003,42.88959379,10.75791876,38.51583752,26.79415792,24
2,2003,46.55417618,8.435417618,120.0800091,28.25540849,27.7
3,2003,45.00584208,6.390415335,87.92085806,29.41040621,29.9
4,2003,49.69625742,6.348334094,66.37498859,30.53623916,31.1
5,2003,70.96417161,7.080830671,244.0000913,29.87165678,31.74833409
6,2003,78.14167047,6.971246006,153.7911,29.21999087,31.01291648
7,2003,76.95458695,7.077498859,183.4627567,28.62624372,30.3
8,2003,82.13208581,6.548334094,115.1553628,28.51332725,30.6
9,2003,81.50625285,7.574167047,253.0225468,28.32624372,30.61291648
10,2003,64.45125513,8.587083524,186.4545869,28.67457782,30.2
11,2003,56.53167503,8.912916476,99.14418074,27.34541305,26.8
12,2003,41.37667732,10.38375171,2.309584665,25.97790963,23.11291648
1,2004,41.56951164,10.45390233,39.30780466,28.3109539,24.9
2,2004,34.03591967,9.133591967,10.56248288,28.27110908,27.8
3,2004,38.7890461,7.692971246,127.6733911,29.63048836,29.6
4,2004,43.38201734,8.346873574,103.8968964,30.85705157,31.9
5,2004,69.65467823,6.785942492,170.0248288,29.79064354,31.74687357
6,2004,73.13436787,7.378913738,115.7791876,29.83751712,30.61328161
7,2004,69.44764948,6.979689639,130.7698311,28.93829302,30.3
8,2004,79.62733911,6.746873574,159.2586947,28.72501141,30.6
9,2004,89.0007759,6.273436787,323.4327248,27.63829302,30.81328161
10,2004,65.74139662,8.186718393,119.7476495,27.98516659,30.1
11,2004,27.81560931,10.61328161,3.617161114,26.45235052,26.7
12,2004,31.35623003,12.28046554,15.90702875,25.59141944,22.61328161
1,2005,34.04691921,12.44938384,2.198767686,25.42984938,23.8
2,2005,36.6153811,9.33153811,9.04276586,28.28877225,27.7
3,2005,38.77015062,8.495846645,51.21999087,29.65308079,29.6
4,2005,50.86599726,7.645230488,109.3215427,29.98046554,31.6
5,2005,70.94399817,7.191693291,166.4276586,30.11200365,31.84523049
6,2005,86.82615244,5.787539936,155.1032862,29.15723414,30.51369238
7,2005,74.43984482,6.882154267,121.4152898,28.95184847,30.3
8,2005,79.62199909,6.945230488,155.3749429,28.83815609,30.5
9,2005,80.19461433,7.672615244,294.631675,28.35184847,30.81369238
10,2005,71.8303058,7.586307622,242.8398448,27.99707896,30.2
11,2005,61.59753537,8.213692378,170.986764,26.06015518,26.8
12,2005,28.83322684,12.3767686,13.90415335,25.00661798,22.91369238
1,2006,31.42558193,12.24511639,12.69023277,25.24769512,23.8
2,2006,43.99598357,8.429598357,14.32414423,28.60545413,27.8
3,2006,44.95230488,7.5985623,80.76955728,29.97441807,29.6
4,2006,55.85086718,7.343678686,83.94481972,30.10257873,31.6
5,2006,74.63391146,6.597124601,198.5414423,29.63217709,31.74367869
6,2006,75.61839343,7.195686901,123.7593793,29.37585577,30.71408033
7,2006,80.73247376,6.484481972,102.9915564,28.76465084,30.3
8,2006,83.41695573,6.443678686,155.584733,28.55057052,30.6
9,2006,83.88879507,7.171839343,341.8362392,28.16465084,30.71408033
10,2006,69.31983113,8.085919671,230.2324738,27.90832953,30.2
11,2006,54.18046554,9.014080329,167.7580557,25.96752624,26.8
12,2006,36.2115016,11.57327704,0.0014377,25.42097216,22.91408033
1,2007,28.9029895,12.4405979,2.781195801,26.4665906,24
2,2007,40.275445,8.8275445,68.7044272,27.8231173,27.7
3,2007,47.5334094,7.6014377,103.716157,29.1970105,29.6
4,2007,51.9348471,7.2420356,133.769466,30.3259927,31.7
5,2007,60.9232314,8.202875399,69.54427202,31.1535372,31.5420356
6,2007,74.310178,6.804313099,148.0834779,29.8955728,30.6144911
7,2007,76.9246691,6.8869466,102.1370151,28.8782063,30.4
8,2007,80.9116157,6.6420356,173.7009813,28.4637152,30.4
9,2007,86.2826335,6.5710178,392.3351894,28.0782063,30.8144911
10,2007,75.6087403,6.8855089,468.7246691,27.7202419,29.6
11,2007,47.8623916,9.6144911,64.4276586,27.6753309,26.8
12,2007,31.1884984,11.8695801,0,27.0361707,23.3144911
1,2008,36.27914194,11.53582839,51.67165678,27.28653583,24.1
2,2008,43.9537654,8.52537654,91.98361479,28.04176175,27.7
3,2008,42.51346417,7.904472843,27.95979005,30.42085806,30
4,2008,48.21793702,7.840301232,10.09548152,31.45070744,31.6
5,2008,63.51195801,7.708945687,119.6361479,31.57608398,31.74030123
6,2008,78.10150616,6.81341853,117.0755819,30.31638521,30.71492469
7,2008,83.21643085,5.989548152,146.4516659,28.89251483,30.4
8,2008,83.40597901,6.440301232,206.7236878,28.77759014,30.5
9,2008,88.87612962,6.170150616,258.9285258,27.99251483,30.71492469
10,2008,75.49703332,7.085075308,233.1164309,27.63281607,30.2
11,2008,50.44331356,9.914924692,8.795572798,26.28356915,26.3
12,2008,29.76421725,12.46567777,0.095527157,25.4522136,22.91492469
1,2009,31.25654952,12.1313099,1.862619808,26.40543131,23.8
2,2009,40.23322684,8.523322684,56.86389776,29.25942492,27.7
3,2009,47.59456869,7.407348243,106.9063898,28.74345048,29.6
4,2009,56.90191693,6.738658147,60.3201278,30.87412141,31.6
5,2009,71.00127796,7.414696486,162.7389776,30.49744409,31.73865815
6,2009,66.79329073,7.722044728,73.99968051,30.53610224,30.71533546
7,2009,80.7086262,6.59201278,161.3971246,28.50607029,30.3
8,2009,84.70063898,6.138658147,120.9399361,28.79073482,30.5
9,2009,86.26996805,6.469329073,208.027476,28.20607029,30.81533546
10,2009,75.48594249,7.184664537,226.2086262,27.74472843,30.2
11,2009,51.62523962,9.415335463,32.66517572,27.7913738,26.6
12,2009,38.54121406,11.06198083,10.99265176,27.96741214,22.91533546
1,2010,36.23144683,11.32628937,5.952578731,27.12642629,23.8
2,2010,36.51040621,8.721040621,14.84198996,28.17905066,27.7
3,2010,42.57357371,7.710543131,104.1470561,30.16855317,30.5
4,2010,50.68411684,7.536832497,10.64751255,31.60013692,31.6
5,2010,70.98941123,7.021086262,191.0198996,30.52117754,31.7368325
6,2010,80.58416248,6.531629393,85.75979005,29.75801004,30.61579188
7,2010,78.19995436,6.894751255,88.08096759,29.0211319,30.4
8,2010,85.99470561,5.936832497,176.4691009,28.90534003,30.6
9,2010,84.76312186,6.768416248,330.0151985,28.4211319,30.81579188
10,2010,75.47361935,7.184208124,404.4999544,27.9579644,29.7
11,2010,56.60515746,8.815791876,140.3314012,27.90004564,27.4
12,2010,37.21565495,11.25787312,3.889456869,25.68429941,22.51579188
1,2011,33.705089,11.8210178,43.0420356,25.84847102,23.8
2,2011,48.98644455,7.318644455,49.21898676,28.79965769,27.5
3,2011,50.05152898,7.013897764,108.2847558,29.794911,29.6
4,2011,55.66542675,7.034915564,95.97626654,31.02745322,31.6
5,2011,79.67695116,5.627795527,233.0898676,29.74609767,31.73491556
6,2011,79.27457782,6.641693291,155.2879051,28.98101324,30.71627111
7,2011,83.19084893,6.097626654,94.33400274,28.4369466,30.5
8,2011,87.18847558,5.534915564,147.1047239,28.72067549,30.6
9,2011,86.25593336,6.567457782,174.6973072,28.2369466,30.81627111
10,2011,71.66068005,7.883728891,269.1908489,27.67186216,30.2
11,2011,51.5840712,9.716271109,34.89593793,27.20915107,26.8
12,2011,34.68881789,11.55356002,7.686102236,26.90203104,22.91627111
1,2012,39.9762209,11.01524418,3.130488361,25.77261524,23.2
2,2012,33.96020082,10.11602008,34.59379279,27.22222729,27.7
3,2012,48.62738476,7.417571885,78.71652214,29.8237791,29.5
4,2012,53.14495664,7.332816066,72.70775901,30.85737106,31.4
5,2012,70.96330443,7.33514377,143.3379279,30.37339115,31.73281607
6,2012,78.06408033,6.652715655,70.85203104,29.70620721,30.61679598
7,2012,85.58087631,6.000775901,119.1254222,28.85426746,30.6
8,2012,83.38165221,6.432816066,158.6532634,28.83747147,30.6
9,2012,90.04806025,6.266408033,375.468188,27.95426746,30.71679598
10,2012,71.64650844,7.683204016,143.8808763,28.18708352,30
11,2012,42.86097672,10.51679598,42.35709722,27.41912369,26.7
12,2012,28.45942492,12.84883615,2.282428115,25.52145139,22.71679598
1,2013,32.54735281,12.70947056,1.918941123,23.89675947,23.8
2,2013,38.9339571,9.51339571,32.36859881,27.6447969,27.7
3,2013,47.40324053,7.721246006,74.14828845,29.35264719,29.6
4,2013,51.82448654,7.530716568,69.13925148,30.28728891,31.5
5,2013,64.54965769,7.842492013,69.78598813,31.10068462,31.73071657
6,2013,76.75358284,6.963738019,87.41615701,29.83140119,30.71732086
7,2013,79.3709037,6.503925148,82.31684162,28.67158832,30.4
8,2013,85.87482885,6.230716568,176.9018028,28.65426746,30.6
9,2013,86.24018713,6.565358284,282.3390689,28.37158832,31.01732086
10,2013,75.53233683,7.182679142,376.5709037,27.90230488,30.1
11,2013,57.73788225,8.517320858,195.5182565,28.4290963,26.8
12,2013,38.53003195,11.24411228,3.978753994,26.34087175,22.91732086
1,2014,38.71597444,10.50319489,16.00638978,28.72300319,23.7
2,2014,43.80543131,9.310543131,71.64121406,28.76932907,27.7
3,2014,42.37699681,8.425239617,34.17412141,29.88402556,29.6
4,2014,50.70223642,7.728434505,71.47348243,31.21980831,32.1
5,2014,77.03482428,6.250479233,369.0121406,29.83035144,31.7284345
6,2014,76.74217252,6.67571885,103.5162939,29.75878594,30.71789137
7,2014,74.3600639,6.907348243,102.5466454,29.29041534,30.4
8,2014,84.56741214,5.928434505,156.1632588,28.77252396,30.6
9,2014,86.23162939,6.164217252,304.998722,28.39041534,30.91789137
10,2014,74.21693291,6.982108626,229.2600639,28.41884984,30.5
11,2014,62.71277955,7.917891374,33.77603834,26.2399361,26.7
12,2014,40.99808307,10.73897764,1.774760383,25.56198083,22.91789137
1,2015,32.58585121,11.59717024,3.294340484,25.64819717,23.8
2,2015,50.07804655,7.407804655,149.0149247,28.89287996,27.7
3,2015,51.05180283,6.829073482,20.40292104,29.41414879,29.6
4,2015,54.48087631,7.226243724,52.00634414,30.75102693,31.6
5,2015,73.32058421,6.758146965,216.7492469,30.35883158,31.72624372
6,2015,88.03121862,5.187220447,105.5484254,29.78507531,30.71843907
7,2015,80.64965769,6.110634414,48.90725696,29.10848927,30.3
8,2015,80.8602921,6.226243724,131.4182565,29.19005021,30.3
9,2015,86.22341397,6.463121862,312.063989,28.20848927,30.81843907
10,2015,73.00214514,7.281560931,277.3496577,28.434733,30.2
11,2015,52.68868097,9.018439069,92.1355089,28.15034231,26.7
12,2015,48.56741214,9.63404838,14.47092652,28.18224555,22.91843907
1,2016,41.25572798,10.1911456,3.382291191,28.47339115,24
2,2016,48.8506618,7.50506618,48.48863533,29.51643085,27.8
3,2016,47.32660885,7.432907348,55.63172068,30.84427202,29.6
4,2016,56.8595162,6.824052944,90.13920584,31.58224555,31.6
5,2016,80.80634414,5.465814696,383.1863533,30.18731173,31.12405294
6,2016,79.22026472,6.498722045,142.9805568,30.21136467,30.61898676
7,2016,81.63925148,6.213920584,129.1678686,29.12656321,30.5
8,2016,85.85317207,5.824052944,160.4732542,29.00757645,30.6
9,2016,84.71519854,6.662026472,245.529256,28.42656321,30.01898676
10,2016,71.68735737,7.681013236,247.0392515,28.65061616,30.2
11,2016,53.86458238,8.918986764,58.19497946,27.86074852,26.9
12,2016,52.23674121,9.029119124,32.26709265,27.80251027,22.91898676
1,2017,55.02309448,8.084618895,12.46923779,26.10068462,23.8
2,2017,44.92099498,8.402099498,14.46015518,28.44194432,27.7
3,2017,43.49931538,7.637060703,22.35458695,29.97690552,29.6
4,2017,53.13637608,7.421679598,77.47480602,30.81606572,31.6
5,2017,74.49091739,6.174121406,212.4015518,30.41816522,31.7216796
6,2017,79.20839799,6.311182109,34.24869922,30.53984482,30.6195801
7,2017,80.62797809,6.317480602,79.26686445,29.34614331,30.5
8,2017,88.44545869,5.021679598,118.8411684,28.92656321,30.6
9,2017,83.90629849,6.360839799,217.7832953,28.74614331,30.8195801
10,2017,73.07133729,6.9804199,173.1279781,27.86782291,29.4
11,2017,51.23847558,9.1195801,39.95107257,27.87202191,26.9
12,2017,34.70351438,11.2237791,0.462939297,25.72446372,22.9195801
1,2018,39.99046098,9.978092195,20.05618439,26.82797809,23.8
2,2018,49.89132816,7.199132816,67.53167503,28.36745778,26.9
3,2018,52.17202191,6.441214058,24.27745322,30.00953902,29.7
4,2018,58.11323597,6.419306253,124.5104062,29.9498859,31.3
5,2018,75.77549064,6.082428115,126.8167503,30.34901871,31.71930625
6,2018,77.99653126,6.523642173,146.8168416,29.96832497,30.52017344
7,2018,81.6167047,6.221040621,80.06586034,29.56572341,30.4
8,2018,84.53774532,5.719306253,146.4090826,29.34554998,30.8
9,2018,83.89739845,6.459653126,217.3373346,28.96572341,30.82017344
10,2018,70.55531721,7.379826563,135.9167047,28.48502967,30.1
11,2018,45.01236878,9.620173437,26.50716568,28.5832953,26.8
12,2018,30.97028754,11.31843907,2.458785942,28.54641716,22.92017344
1,2019,49.95782748,8.371565495,76.54313099,29.05527157,23.8
2,2019,44.86166134,7.696166134,17.40319489,29.09297125,27.4
3,2019,52.14472843,6.445367412,53.20031949,30.94217252,29.6
4,2019,58.09009585,6.316932907,32.24600639,31.68370607,31.5
5,2019,70.7600639,7.190734824,143.5319489,31.0798722,31.71693291
6,2019,81.68466454,6.436102236,186.084984,30.39680511,30.72076677
7,2019,86.80543131,5.624600639,117.6648562,28.98530351,30.4
8,2019,82.03003195,6.316932907,97.67699681,29.16453674,30.6
9,2019,86.2884984,6.258466454,346.2913738,28.58530351,30.72076677
10,2019,73.03929712,7.179233227,181.3054313,28.70223642,30.2
11,2019,56.18626198,8.920766773,86.36325879,26.79456869,26.8
12,2019,39.6370607,11.21309904,3.054632588,25.56837061,22.62076677
1,2020,43.62393884,9.964787768,7.229575536,27.68361479,23.8
2,2020,44.83085349,8.193085349,54.47361935,28.319466,27.7
3,2020,50.91638521,6.549680511,132.4202191,30.57606116,29.6
4,2020,60.56606572,6.014468279,104.5829758,30.81882702,31.5
5,2020,73.24404382,6.499361022,151.0361935,31.01191237,31.71446828
6,2020,81.6723414,6.649041534,168.0211319,30.22638065,30.62138293
7,2020,81.59372433,6.128297581,112.1330443,29.2056367,30.4
8,2020,88.42202191,6.014468279,165.8513692,28.98425377,30.6
9,2020,87.57925605,6.15723414,222.7397992,29.0056367,30.82138293
10,2020,76.72266089,6.77861707,267.6937243,28.12010497,30
11,2020,56.15915107,8.42138293,74.41766317,27.40627567,26.8
12,2020,57.10255591,8.407553628,27.15031949,27.29116842,22.92138293
1,2021,34.89130534,10.25826107,3.016522136,25.31090826,22.3
2,2021,46.90118667,8.590118667,79.84513921,27.54497946,27.7
3,2021,49.48909174,7.153833866,46.14308535,29.30869466,27.5
4,2021,60.7429256,6.912094934,66.31857599,30.65264719,30.7
5,2021,76.22861707,6.907667732,185.9513921,30.34276586,30.71209493
6,2021,85.96047467,5.961501597,106.1892743,29.55486079,30.22197627
7,2021,84.68245094,5.731857599,81.63204016,28.9252168,29.8
8,2021,82.91430853,6.312094934,196.1192834,28.90324053,29.9
9,2021,80.370356,6.556047467,236.7938384,28.9252168,30.72197627
10,2021,75.6066408,6.878023733,192.7824509,27.83731173,28.5
11,2021,47.83304427,9.421976267,20.67375628,25.91754906,22.5
12,2021,49.86932907,9.402213601,5.146166134,26.91312186,23.12197627
1,2022,26.85616157,11.35123231,2.002464628,25.84030123,20.6
2,2022,50.16923779,7.286923779,61.41446828,28.7724555,28.3
3,2022,44.75969877,7.458306709,70.26001826,29.24383843,27.3
4,2022,57.11800548,6.009539023,133.8569147,29.88906892,31.2
5,2022,61.91200365,7.516613419,32.24468279,31.7759927,31.10953902
6,2022,77.94769512,6.974920128,100.7934277,30.08553172,30.42261524
7,2022,86.87031036,5.835691465,73.36942036,29.64630306,30.2
8,2022,84.60600183,6.009539023,117.9001141,29.12368781,30
9,2022,82.76077134,6.354769512,250.8366499,28.64630306,30.82261524
10,2022,67.08938841,7.977384756,186.6703104,29.05584208,31.3
11,2022,71.60492926,7.722615244,182.2264719,28.42968964,30.4
12,2022,46.73354633,9.396462802,11.84169329,27.23676403,25.82261524
1,2023,35.41976267,10.34395253,8.087905066,27.47074395,25.4
2,2023,43.53614788,8.383614788,4.882701963,29.60091283,29.2
3,2023,57.12925605,6.462939297,45.77398448,30.78023733,31.3
4,2023,49.19219534,6.60689183,27.79662255,31.82679142,32.4
5,2023,70.6947969,7.125878594,128.9270196,31.21040621,31.80689183
6,2023,82.03445915,6.488817891,78.96558649,30.61729804,31.42327704
7,2023,85.15773619,6.139662255,89.7759927,29.8681424,31
8,2023,89.79739845,5.80689183,93.08740301,29.44486536,30.8
9,2023,90.05084436,6.453445915,273.1738476,28.5681424,30.72327704
10,2023,69.17151985,7.676722958,170.5577362,28.27503423,29
11,2023,66.17581013,8.323277042,129.8774989,26.64226381,25.7
12,2023,41.39648562,10.39050662,4.737060703,25.46125057,20.62327704
1,2024,44.78336376,10.23667275,20.6733455,26.30118667,24.3
2,2024,46.10305796,7.680305796,26.85093565,27.72937015,25.2
3,2024,59.59881333,6.567571885,82.88795071,29.31663624,28.2
4,2024,62.16638521,6.104244637,131.6363304,30.26451392,31
5,2024,84.57759014,6.13514377,170.6093565,30.04481972,30.70424464
6,2024,80.62122319,6.302715655,52.43774532,29.94906435,29.82393884
7,2024,75.84516203,6.743633044,55.28256504,29.28998174,29.2
8,2024,89.38879507,5.604244637,140.9746919,29.1660429,30.4
9,2024,76.64091739,7.152122319,165.1110452,29.18998174,30.02393884
10,2024,76.1536513,6.776061159,409.745162,28.39422638,30.2
11,2024,59.64669101,8.723938841,177.8285258,27.55483797,26.8
12,2024,42.65942492,10.08455043,1.832428115,27.08573711,23.42393884
1,2025,63.34445459,8.228890917,111.3577818,27.43372889,24.9
2,2025,48.56768599,7.076768599,26.71697855,29.15979005,27.3
3,2025,58.16627111,6.072523962,109.2959836,30.55554541,30.8
4,2025,61.13879507,6.101414879,41.07877681,31.60483797,31.4
5,2025,77.65919671,6.445047923,144.6697855,30.58160657,30.80141488
6,2025,89.0070744,5.417571885,113.1459151,29.78302145,30.22464628
7,2025,83.03172068,6.647877681,88.22752168,29.31332725,29.7
8,2025,90.67959836,5.401414879,210.3748973,29.18868097,30.3
9,2025,84.6303058,6.65070744,195.6370151,28.91332725,30.92464628
10,2025,72.33455043,6.97535372,222.9317207,28.51474213,29.4
11,2025,57.21556367,9.22464628,49.27617526,27.46827932,25.9
12,2025,40.71980831,10.27818348,18.02747604,24.81191237,22.92464628
1,2026,34.80429028,12.22085806,21.14171611,25.56732086,20
2,2026,58.23117298,6.373117298,26.78192606,28.59119124,27.7
3,2026,54.23267914,6.477635783,69.70104975,29.79570972,28.5
4,2026,57.01031492,6.698493838,58.72259242,31.4464628,30.5
5,2026,80.04020995,5.655271565,248.3192606,30.1195801,30.69849384
6,2026,75.59246919,6.632907348,40.52209037,30.41807394,29.52537654
7,2026,83.11784573,6.352259242,164.9416705,29.13742583,29.6
8,2026,89.47010497,5.898493838,178.3815609,29.01204929,29.9
9,2026,80.51935189,6.549246919,210.7573711,28.93742583,29.92537654
10,2026,80.31483341,7.47462346,266.5178457,28.83591967,30.8
11,2026,62.28343222,8.82537654,119.322136,26.48215427,25
12,2026,47.77891374,10.97161114,3.622364217,27.03893199,23.02537654
1,2027,49.3653811,9.613076221,31.72615244,27.99986308,24.3
2,2027,47.695801,8.4695801,37.34796896,27.92161114,23.3
3,2027,51.90013692,6.782587859,19.20908261,30.0346189,27.3
4,2027,57.18272478,6.49566408,34.1650388,31.58678686,30.1
5,2027,73.82181652,6.965175719,180.5796896,30.85636696,30.59566408
6,2027,73.2783204,7.547763578,23.73026016,31.35203104,30.22608398
7,2027,85.90440438,6.45650388,85.48662711,29.66077134,30.7
8,2027,82.76090826,5.99566408,106.7817663,29.63468736,30.2
9,2027,87.8087403,6.54783204,243.3833409,29.06077134,30.52608398
10,2027,67.09573254,8.27391602,131.3044044,29.45643542,30.4
11,2027,49.05230488,9.62608398,62.36978549,27.69559562,25.2
12,2027,39.93929712,11.26524418,6.517412141,27.66510726,23.52608398
1,2028,52.6252168,8.805043359,25.41008672,28.73345504,25.9
2,2028,62.259288,6.3659288,87.51291648,28.95301232,27.9
3,2028,54.46654496,6.387699681,10.51414879,31.3747832,30.4
4,2028,60.65424464,6.39274304,47.0088544,31.92841168,31.4
5,2028,79.50282976,6.675399361,239.1291648,30.99434048,31.99274304
6,2028,85.8637152,6.263099042,138.6064354,30.48708352,31.02681424
7,2028,87.89052944,6.06088544,73.4007759,29.58486992,30.9
8,2028,90.65141488,4.99274304,104.4884299,29.35805568,30.2
9,2028,90.4977864,6.24637152,237.5036969,28.78486992,30.62681424
10,2028,68.57601552,7.87318576,148.3905294,28.87761296,28.7
11,2028,51.72017344,9.62681424,6.915746235,28.00947056,25.8
12,2028,37.69840256,11.05867184,1.112300319,27.69212688,22.22681424
1,2029,42.78254222,9.496508444,32.19301689,29.16914651,26.5
2,2029,46.42049293,7.862049293,6.675673209,30.08637608,28.1
3,2029,43.03085349,7.39313099,0,31.91745778,29.6
4,2029,60.42398448,6.989639434,63.25540849,32.27263806,31
5,2029,74.78265632,6.886261981,158.5567321,31.73468736,31.48963943
6,2029,88.04819717,5.979392971,199.2186216,30.62432679,31.52759014
7,2029,79.87578731,6.165540849,100.653309,30.01047467,30.7
8,2029,82.24132816,5.489639434,92.30801004,29.88288453,30.3
9,2029,85.28614788,7.044819717,271.3128252,29.61047467,31.12759014
10,2029,47.15506618,9.272409859,32.57578731,29.0001141,27.5
11,2029,40.08603377,11.02759014,31.55832953,28.02421269,23.5
12,2029,35.55495208,11.85168873,1.00686901,27.52083524,21.42759014
1,2030,32.03861251,11.5877225,0.375445002,27.80588772,22.7
2,2030,39.88055682,7.958055682,27.63733455,29.72072113,26.7
3,2030,50.39411228,6.898722045,35.30944774,31.36138749,30.4
4,2030,53.79283432,6.386444546,73.60333181,32.51816522,31.9
5,2030,73.06188955,6.797444089,105.3733455,32.3762209,31.78644455
6,2030,90.33222273,6.296166134,229.8988133,30.36266545,30.72838886
7,2030,80.86061159,5.970333181,117.5750342,29.9368325,30.7
8,2030,82.43094477,6.186444546,151.1340484,29.60844363,30.4
9,2030,87.37416705,6.543222273,228.2163396,28.9368325,30.52838886
10,2030,79.93350068,7.171611136,294.6606116,28.72327704,30.8
11,2030,59.85089,8.928388864,49.3992241,27.93938841,27.3
12,2030,42.21022364,11.24450023,1.401277955,27.35038795,23.52838886
1,2031,43.49091739,11.77818348,0.156366956,26.34577818,21.3
2,2031,43.53719763,8.453719763,77.99570972,28.85801004,27.2
3,2031,48.85422182,6.704792332,38.79671383,30.10908261,29.7
4,2031,63.85901415,6.28297581,98.55536285,30.46759471,30.8
5,2031,78.13934277,6.509584665,244.1570972,30.12131447,31.28297581
6,2031,87.61487905,5.614376997,105.3830215,29.70429028,30.72925605
7,2031,88.1441351,6.175536285,85.40433592,28.86544957,30.3
8,2031,86.01967138,5.38297581,141.1794614,29.03619352,30.4
9,2031,83.76115929,7.141487905,215.3030123,28.76544957,30.72925605
10,2031,76.91008672,7.470743953,223.0441351,28.54842538,30.8
11,2031,74.51273391,8.229256047,211.0350525,27.3558649,28.5
12,2031,40.26166134,11.13669557,1.095207668,25.48247376,21.02925605
1,2032,26.23945687,11.76789137,0,26.28881789,21.2
2,2032,48.09041534,6.949041534,51.55079872,29.19824281,29
3,2032,49.01118211,6.111341853,55.27507987,30.56054313,30.2
4,2032,58.42252396,6.579233227,127.2115016,30.32092652,30.7
5,2032,69.61501597,6.622683706,173.3079872,30.96996805,31.47923323
6,2032,87.59616613,5.934025559,124.871246,29.74920128,30.33019169
7,2032,82.12635783,5.98115016,112.0412141,28.99632588,29.9
8,2032,90.30750799,5.079233227,179.8442492,28.56613419,30.2
9,2032,90.5471246,5.739616613,186.6728435,28.29632588,30.23019169
10,2032,70.18482428,8.169808307,236.7263578,28.57555911,30.6
11,2032,50.9715655,9.530191693,81.1658147,28.97364217,29.4
12,2032,36.20926518,11.82827476,10.38865815,25.41709265,21.13019169
1,2033,35.88548608,10.65709722,0,26.8339571,22.4
2,2033,45.24135098,7.244135098,8.003696942,29.44043816,29.1
3,2033,46.1660429,6.918210863,27.24751255,30.71451392,29.8
4,2033,45.48425377,6.375308079,16.77037882,32.47685988,31.7
5,2033,68.88950251,6.836421725,147.1369694,31.52099498,31.07530808
6,2033,76.47654039,6.254632588,93.39548152,30.49630306,31.03117298
7,2033,75.70771337,6.487037882,122.0164765,29.52870835,31
8,2033,88.39475126,5.575308079,165.7219534,28.99753537,31.2
9,2033,83.83240529,6.537654039,321.3314468,28.62870835,31.03117298
10,2033,82.25832953,6.56882702,300.1077134,28.00401643,30.7
11,2033,55.42838886,8.43117298,185.8931995,26.39228663,25.5
12,2033,40.7543131,9.619443177,21.88178914,26.55340027,23.03117298
1,2034,42.43026016,9.546052031,10.69210406,26.38014605,22.9
2,2034,49.2911456,7.13911456,19.95549977,29.18361479,27.5
3,2034,45.91985395,7.425239617,40.91697855,30.36973984,28.7
4,2034,63.84509356,6.271291648,86.23062529,31.63409402,32
5,2034,76.66339571,6.650479233,215.2549977,30.47320858,31.37129165
6,2034,85.45645824,5.67571885,104.0877225,29.94450023,30.03217709
7,2034,78.38863533,6.693062529,73.76093108,29.26184391,29.8
8,2034,88.68169785,5.171291648,163.0061159,29.22966682,30.3
9,2034,81.81734368,6.935645824,236.9844363,28.36184391,30.23217709
10,2034,68.13121862,7.767822912,210.1886353,28.03313555,28.3
11,2034,47.68420812,9.332177088,44.31889548,27.61136467,26.5
12,2034,43.19808307,10.61040621,4.474760383,27.09055226,22.93217709
1,2035,35.57252396,10.33450479,28.46900958,27.5284345,24.1
2,2035,48.33865815,7.033865815,34.00511182,29.82875399,29.5
3,2035,52.1715655,6.932587859,79.58051118,30.62747604,28.6
4,2035,58.20415335,6.367092652,84.69361022,31.09392971,31.5
5,2035,74.33610224,6.365175719,169.7511182,30.22779553,31.06709265
6,2035,88.33546326,5.297763578,71.11597444,29.89488818,29.93322684
7,2035,80.9686901,5.999361022,86.24376997,28.59648562,29.5
8,2035,87.26805112,5.367092652,103.3031949,29.26325879,29.6
9,2035,85.90159744,6.333546326,281.1261981,28.49648562,30.03322684
10,2035,73.4028754,6.966773163,260.7686901,28.16357827,29.9
11,2035,60.43801917,8.233226837,56.44121406,28.1313099,28.7
12,2035,28.73929712,10.80095847,1.667412141,26.92939297,22.33322684
1,2036,37.6160429,10.52320858,0,25.87567321,20.1
2,2036,38.88731173,7.728731173,11.55581926,28.77291191,26.8
3,2036,42.92432679,7.439776358,0,29.9839571,26.3
4,2036,60.76410315,6.262984938,78.15522592,31.35246463,30.6
5,2036,74.1094021,5.479552716,337.1581926,30.4811958,30.96298494
6,2036,78.41492469,6.419329073,51.7762209,30.64418074,30.23425377
7,2036,82.04917846,6.305522592,78.8574167,29.03037426,29.8
8,2036,86.95470105,5.362984938,144.5938156,29.49612049,29.9
9,2036,78.68619352,6.731492469,276.5735737,28.83037426,30.33425377
10,2036,79.37514833,7.165746235,303.0491785,28.4933592,30.8
11,2036,58.49283432,8.634253765,131.3652214,27.75082154,26.2
12,2036,35.88178914,10.09171611,16.96022364,26.76738932,23.13425377
1,2037,40.55830671,9.911661342,0,27.32396166,22
2,2037,39.23482428,7.523482428,24.60543131,29.01805112,26.9
3,2037,52.07603834,7.047124601,47.21054313,30.54169329,28.8
4,2037,53.32316294,6.858785942,46.81821086,31.71230032,30.9
5,2037,69.98210863,6.994249201,118.6543131,31.33578275,31.65878594
6,2037,75.89392971,6.441373802,157.4044728,30.89456869,31.53530351
7,2037,76.52923323,6.311821086,6.640255591,30.06501597,30.2
8,2037,77.74105431,6.358785942,78.49089457,30.02971246,31
9,2037,81.97044728,6.729392971,288.9153355,28.86501597,31.13530351
10,2037,64.24680511,7.764696486,145.3292332,29.02380192,30.3
11,2037,70.04664537,7.835303514,245.1875399,28.37076677,30
12,2037,32.22300319,10.58226837,2.052875399,25.00623003,20.43530351
1,2038,36.39806025,10.39961205,0,27.87434961,23.5
2,2038,58.68005477,6.918005477,24.05285258,29.4651529,28.9
3,2038,49.12565039,6.254792332,13.8681424,31.30193975,30.3
4,2038,64.68044272,6.054404382,122.2839343,31.47473756,32.1
5,2038,75.25362848,5.909584665,267.4285258,30.69274304,31.75440438
6,2038,78.57202191,6.564376997,100.1687357,30.44714742,29.9363989
7,2038,76.90842081,6.718393428,126.3614788,29.60116385,30.4
8,2038,85.92681424,6.154404382,180.80089,29.36476495,30.7
9,2038,77.15401643,6.827202191,299.7458695,29.20116385,30.8363989
10,2038,76.91722958,6.663601095,339.5084208,28.05556823,29.1
11,2038,64.9984482,8.336398905,6.706481059,26.59157919,23.5
12,2038,36.36166134,10.87240986,2.245207668,26.34675947,20.9363989
1,2039,49.23781378,8.687562757,36.27512551,28.62473756,26
2,2039,48.32528526,7.312528526,26.80027385,28.91225468,28
3,2039,51.07526244,7.162460064,95.22574167,30.16218622,27.9
4,2039,47.2377225,6.550022821,31.84965769,32.33717481,31.1
5,2039,77.22514833,6.724920128,202.4027385,30.94970333,30.15002282
6,2039,78.1501141,6.787380192,39.13299863,30.29972615,29.73749429
7,2039,79.0876084,6.324965769,100.682702,29.63731173,29.9
8,2039,82.01257417,5.950022821,162.4108854,29.39981743,30
9,2039,82.73758558,6.82501141,196.0764035,28.93731173,30.23749429
10,2039,65.88765404,7.362505705,299.8876084,28.58733455,29.8
11,2039,47.45025103,8.937494295,78.12542218,27.6123916,25.8
12,2039,25.70031949,11.76255135,3.637539936,26.48728891,22.53749429
1,2040,38.97380192,9.474760383,2.349520767,28.27827476,25.2
2,2040,44.56709265,7.406709265,30.54440895,29.76230032,28
3,2040,52.32172524,6.570607029,155.1744409,30.32619808,29.2
4,2040,55.49233227,6.945367412,56.11948882,32.30351438,31.2
5,2040,75.49488818,6.541214058,183.7440895,31.11022364,31.64536741
6,2040,84.02683706,6.311821086,26.30127796,30.95559105,30.23865815
7,2040,75.56549521,6.731948882,51.2115016,29.77571885,29.1
8,2040,83.99744409,6.045367412,122.3402556,29.7370607,29.6
9,2040,82.6201278,6.822683706,241.1900958,29.17571885,30.03865815
10,2040,72.05623003,7.161341853,367.5654952,28.62108626,30.3
11,2040,54.49904153,8.838658147,82.43929712,27.63450479,27.2
12,2040,32.13514377,10.85207668,2.529392971,27.33035144,23.83865815
1,2041,39.40602465,9.861204929,1.722409859,29.0349612,25.4
2,2041,36.40547695,9.000547695,20.58525787,30.01528982,25.9
3,2041,49.1650388,6.679233227,24.21424007,32.19397535,30.2
4,2041,50.44427202,6.640438156,52.79342766,32.87375628,30.3
5,2041,71.76284801,7.258466454,161.2525787,32.27430397,31.44043816
6,2041,84.20219078,6.637699681,46.07357371,31.21474213,29.93989046
7,2041,86.74208124,6.339342766,66.64787768,29.91638521,30.1
8,2041,88.28142401,5.240438156,140.4890005,29.37649475,30.3
9,2041,84.10164309,6.220219078,210.6869466,29.41638521,30.83989046
10,2041,72.02295755,7.260109539,251.9420812,28.95682337,29.3
11,2041,39.64481972,10.03989046,57.84810589,27.85791876,25.6
12,2041,38.66613419,10.34098585,6.520766773,27.97594706,22.93989046
1,2042,40.73322684,9.646645367,22.79329073,27.79584665,22.7
2,2042,44.63929712,7.893929712,38.72172524,29.57220447,27.2
3,2042,33.80415335,7.688498403,0,31.86677316,28.8
4,2042,42.39265176,7.83514377,20.37284345,33.44920128,30.6
5,2042,70.0284345,8.176996805,66.4172524,32.74313099,30.63514377
6,2042,86.07571885,7.565495208,56.91789137,31.67827476,30.44121406
7,2042,79.41693291,6.547284345,80.06102236,30.1600639,30
8,2042,89.06421725,6.23514377,158.8635783,30.01884984,30.5
9,2042,81.28178914,6.817571885,175.5613419,29.8600639,30.44121406
10,2042,84.58722045,6.658785942,297.0169329,28.39520767,28.8
11,2042,49.38658147,8.941214058,7.750159744,27.08306709,24.3
12,2042,46.59201278,9.929073482,23.7115016,27.92492013,24.64121406
1,2043,40.05791876,10.53158375,30.7631675,27.45883158,23.5
2,2043,42.77083524,8.787083524,16.45600183,28.9310817,25.1
3,2043,57.14116842,6.998083067,179.6641716,31.14208124,30.3
4,2043,52.53925148,7.429666819,46.55499772,32.02724783,31
5,2043,72.19283432,7.396166134,98.46001826,32.51433136,31.02966682
6,2043,80.84833409,7.294249201,75.99821999,31.74399817,30.7425833
7,2043,75.79091739,6.655499772,35.81255135,30.50524874,30.1
8,2043,88.14641716,5.729666819,183.9510726,29.76266545,30.3
9,2043,85.66125057,6.514833409,231.3245094,29.60524874,30.6425833
10,2043,71.05025103,7.857416705,216.7909174,29.33491556,30.2
11,2043,47.22633501,9.742583295,11.94883615,28.10908261,25.8
12,2043,43.01533546,11.01675034,4.001916933,27.27558193,21.2425833
1,2044,33.98261068,11.11652214,0,28.12181652,23.7
2,2044,52.70237335,7.780237335,39.29027841,30.88995892,29.7
3,2044,60.87818348,6.907667732,96.3861707,31.01738932,28.8
4,2044,52.88585121,7.224189868,87.83715199,33.00529439,31.7
5,2044,74.25723414,6.915335463,160.6027841,31.78553172,32.22418987
6,2044,90.12094934,6.723003195,125.3785486,30.80972159,30.94395253
7,2044,85.96490187,6.363715199,60.56408033,29.85043359,30.7
8,2044,87.22861707,6.024189868,161.8385669,29.80648106,30.6
9,2044,84.140712,5.912094934,263.4876769,29.65043359,30.54395253
10,2044,56.91328161,7.456047467,114.6649019,28.57462346,27.7
11,2044,36.96608854,8.843952533,85.84751255,27.73509813,26.1
12,2044,31.53865815,11.3044272,5.492332268,28.82624372,24.44395253
1,2045,33.00604747,10.80120949,18.80241899,27.48585121,22.4
2,2045,31.53277042,7.973277042,24.82345961,28.94981743,26.4
3,2045,48.81414879,7.617412141,100.7052031,31.09395253,30.1
4,2045,49.83156093,6.518621634,22.82067549,32.58464172,32.9
5,2045,67.92104062,6.834824281,165.0345961,32.25791876,32.51862163
6,2045,78.19310817,7.052236422,79.6268827,31.97654039,31.74534459
7,2045,80.73845276,6.672067549,88.88480146,30.19637152,31.3
8,2045,88.31052031,5.818621634,291.9325194,29.85102693,31.8
9,2045,87.21983113,6.509310817,329.2452305,29.39637152,31.94534459
10,2045,71.97569603,7.754655408,237.0384528,29.21499315,31.8
11,2045,53.00483797,9.145344592,26.74450023,28.36154724,26.8
12,2045,36.86070288,10.49189868,9.482587859,27.27774989,21.14534459
1,2046,38.42822912,10.98564582,0,28.05093565,24.2
2,2046,33.16202647,7.566202647,83.75554541,28.81065723,26.2
3,2046,35.04906435,7.227316294,0,31.27177088,29.9
4,2046,57.67638065,7.212962118,155.0055682,31.96528982,31.9
5,2046,72.98425377,6.854632588,181.5554541,31.23149247,32.11296212
6,2046,77.36481059,6.481948882,68.04322227,31.14445459,31.14675947
7,2046,81.91157006,6.380556823,68.07471474,29.84306253,30.8
8,2046,82.99212688,5.612962118,78.83293017,29.99630306,31.1
9,2046,86.99860794,5.706481059,298.4971702,29.04306253,31.74675947
10,2046,71.63749429,7.053240529,181.4115701,29.35602465,30.8
11,2046,64.5425833,8.246759471,197.3397992,28.18842994,28.5
12,2046,38.78146965,10.17916476,3.272683706,26.63010041,22.84675947
1,2047,38.9479005,10.8695801,7.739160201,27.11811958,22.8
2,2047,50.08900046,7.558900046,87.08544044,29.87345961,28.3
3,2047,42.88188042,7.137539936,67.83140119,31.5520995,30.2
4,2047,51.61942036,6.907120037,82.69319945,31.64853948,30.6
5,2047,68.84628024,7.475079872,112.9544044,32.30743953,31.40712004
6,2047,62.53560018,7.812619808,10.6955728,31.91455956,30.14821999
7,2047,95.38382017,5.789319945,16.30301232,30.0912597,30.4
8,2047,82.97314012,5.907120037,126.1462574,30.34303971,30.7
9,2047,97.67670014,6.603560018,278.0378822,29.4912597,31.04821999
10,2047,64.49806025,7.351780009,163.3838202,29.69837974,31.2
11,2047,58.8783204,9.648219991,42.33172068,29.01617983,28.2
12,2047,30.19968051,10.86602008,3.362460064,29.48413966,26.24821999
1,2048,32.26757188,9.553514377,78.70702875,29.68530351,27.2
2,2048,45.51597444,7.751597444,80.11533546,31.23626198,32.1
3,2048,43.31469649,7.447763578,0,32.83242812,31.7
4,2048,53.36246006,6.501277955,58.38083067,33.53178914,33.4
5,2048,61.90830671,7.895527157,180.7533546,33.08338658,32.90127796
6,2048,73.80638978,7.643290735,95.34792332,31.48466454,32.34968051
7,2048,71.75607029,7.098083067,85.0313099,30.53945687,32.4
8,2048,77.75415335,6.301277955,168.8595847,30.28977636,31.9
9,2048,85.65479233,6.500638978,339.8785942,29.43945687,31.94968051
10,2048,76.2586262,7.850319489,176.7560703,29.84073482,31.6
11,2048,56.51405751,8.849680511,149.6236422,28.34392971,30.2
12,2048,49.61789137,9.752875399,6.252236422,27.93817891,24.64968051
1,2049,47.78724327,8.537448654,36.37489731,27.95248745,24.4
2,2049,49.14294843,7.744294843,53.74523049,29.89906435,27.7
3,2049,50.14751255,6.55798722,108.9516659,31.61275673,30
4,2049,74.70549977,4.795435874,94.56846189,31.5150388,32.6
5,2049,88.27033318,6.315974441,312.3523049,30.65933364,31.69543587
6,2049,79.67717937,7.573961661,112.7002738,30.65476951,30.95114103
7,2049,78.4283204,5.906846189,50.25960749,30.08765404,30.6
8,2049,81.83516659,6.695435874,88.87291191,29.93651301,30.6
9,2049,75.53288453,7.097717937,203.0193063,29.58765404,30.85114103
10,2049,74.91919215,7.348858969,312.4283204,29.08308991,30.5
11,2049,59.84979461,8.351141031,149.7155637,27.7716796,27.6
12,2049,55.83610224,9.439730717,4.54201278,25.39221817,19.35114103
1,2050,44.50189411,9.620378822,49.94075764,28.62387038,25
2,2050,47.86535828,8.436535828,42.67074395,29.46579188,26.3
3,2050,52.17612962,8.26884984,38.14993154,31.69810589,29.9
4,2050,67.04497946,5.589228663,191.9615701,31.80349156,32.9
5,2050,77.12998631,6.637699681,200.7074395,31.74002738,32.28922866
6,2050,82.34614331,6.706549521,137.8246463,30.82925605,31.05269283
7,2050,82.79883615,6.116157006,94.06467366,29.73886353,30.8
8,2050,81.71499315,5.689228663,162.0120721,30.0861707,30.6
9,2050,87.70960749,6.594614331,171.3375628,29.63886353,30.65269283
10,2050,80.57729347,6.947307166,282.6988361,29.2280922,31.3
11,2050,60.38151529,9.652692834,34.30073026,27.80116385,24.6
12,2050,43.54920128,9.825764491,9.03115016,29.14963487,25.55269283
1,2051,35.61780009,10.20356002,22.90712004,28.39420356,23.8
2,2051,28.18890917,9.728890917,1.197352807,29.83153811,27.7
3,2051,38.20579644,7.879552716,50.15116385,32.08219991,29.6
4,2051,45.58534916,7.183112734,130.453309,33.39064354,31.4
5,2051,69.89023277,7.859105431,168.8735281,32.11953446,31.48311273
6,2051,81.01556367,6.938658147,95.18101324,31.30264719,30.75422182
7,2051,71.16978549,6.725330899,111.0005477,30.08931995,30.4
8,2051,80.39511639,5.883112734,118.2447741,30.13509813,30.6
9,2051,77.08667275,7.191556367,214.4614331,29.88931995,30.85422182
10,2051,68.33601095,7.945778183,356.4697855,29.17243268,30.2
11,2051,53.51424007,8.954221817,185.4875856,28.53021451,27
12,2051,40.26357827,10.31200365,0,27.60620721,22.95422182
1,2052,33.03370607,10.98674121,9.473482428,28.76453674,24
2,2052,31.91246006,8.421246006,59.12396166,30.79728435,27.7
3,2052,45.63546326,7.590255591,129.7523962,31.86629393,29.7
4,2052,45.52571885,7.576996805,69.04504792,32.77779553,31.6
5,2052,68.55047923,7.980511182,137.4396166,32.59904153,31.57699681
6,2052,77.18498403,7.770766773,67.93738019,31.57603834,30.6557508
7,2052,78.64073482,6.834504792,69.03642173,30.23977636,30.4
8,2052,86.57523962,5.676996805,186.377476,29.88402556,30.7
9,2052,80.86373802,7.188498403,228.2853035,29.73977636,30.7557508
10,2052,78.29472843,6.544249201,416.4407348,29.01677316,30.2
11,2052,49.64696486,9.655750799,61.57444089,28.15926518,26.8
12,2052,28.97795527,11.99824281,0.109744409,26.46277955,22.6557508
1,2053,40.45086718,10.27017344,37.54034687,28.83382017,24
2,2053,44.33715199,8.213715199,117.9516659,30.16204929,27.7
3,2053,42.96617983,6.700798722,82.15659516,31.84913282,29.9
4,2053,47.96697855,6.170972159,69.03541762,33.06364674,31.1
5,2053,69.81131903,7.701597444,222.7166591,32.17736194,31.57097216
6,2053,77.25486079,7.902396166,91.62574167,31.34833409,31.05725696
7,2053,76.11211775,7.343541762,123.6031036,30.08947969,30.3
8,2053,81.55565952,6.370972159,127.7037198,29.93222273,30.6
9,2053,80.8411456,7.485486079,242.1147878,29.78947969,30.65725696
10,2053,63.25406207,8.54274304,185.6121178,29.96045185,30.2
11,2053,54.58069375,8.95725696,95.86298494,28.18788225,26.8
12,2053,38.89361022,9.984687357,1.999201278,27.61850753,23.15725696
1,2054,39.06677316,9.953354633,38.30670927,30.40415335,24.9
2,2054,31.76070288,8.906070288,8.37827476,30.22779553,27.8
3,2054,36.69584665,8.011501597,121.7578275,32.13322684,29.6
4,2054,41.60734824,8.16485623,106.6271565,33.45079872,31.9
5,2054,68.4715655,7.423003195,148.1827476,32.15686901,31.56485623
6,2054,72.22428115,8.334504792,51.98210863,32.02172524,30.65878594
7,2054,68.58306709,7.252715655,69.33897764,30.4399361,30.3
8,2054,79.03578275,6.56485623,172.1364217,30.18115016,30.6
9,2054,88.31821086,6.182428115,312.2386581,29.1399361,30.85878594
10,2054,64.51277955,8.141214058,118.8830671,29.30479233,30.1
11,2054,25.81341853,10.65878594,0.249840256,27.31693291,26.7
12,2054,28.80798722,11.87092652,15.5884984,27.27507987,22.65878594
1,2055,31.48267914,11.93653583,1.173071657,27.57448654,23.8
2,2055,34.28425377,9.098425377,6.804883615,30.29354176,27.7
3,2055,36.62551346,8.822204473,45.15905979,32.21732086,29.6
4,2055,49.04771794,7.458740301,112.1188955,32.63795071,31.6
5,2055,69.73181196,7.844408946,144.0488361,32.53637608,31.6587403
6,2055,85.89370151,6.766613419,89.73847558,31.39511639,30.56031492
7,2055,73.55401643,7.161889548,58.47485167,30.49039251,30.3
8,2055,79.01590598,6.758740301,168.5691237,30.33007759,30.5
9,2055,79.49527613,7.579370151,283.1625285,29.89039251,30.86031492
10,2055,70.57149703,7.539685075,241.9540164,29.34913282,30.2
11,2055,59.54614331,8.260314925,167.5366956,26.94598357,26.8
12,2055,26.22236422,11.95716568,13.57779553,26.73165221,22.96031492
1,2056,28.79732999,11.719466,11.63893199,27.44586947,23.8
2,2056,41.60666362,8.190666362,12.03039708,30.66026928,27.8
3,2056,42.75413053,7.933067093,74.55732542,32.60267001,29.6
4,2056,53.98719763,7.15253309,86.81200365,32.82640347,31.6
5,2056,73.39146508,7.266134185,175.6039708,32.11706983,31.55253309
6,2056,74.66266545,8.199201278,56.76284801,31.66960292,30.76186673
7,2056,79.82453218,6.771200365,38.47991785,30.34160201,30.3
8,2056,82.79573254,6.25253309,169.1082839,30.07973528,30.6
9,2056,83.17199909,7.076266545,330.080785,29.74160201,30.76186673
10,2056,68.02959836,8.038133272,229.3245322,29.2941351,30.2
11,2056,52.07786399,9.061866728,164.2218622,26.87546782,26.8
12,2056,33.53546326,11.14319945,0,27.18906892,22.96186673
1,2057,26.21198083,11.90239617,1.704792332,28.7172524,24
2,2057,37.82907348,8.582907348,66.35591054,29.92699681,27.7
3,2057,45.2827476,7.943929712,97.35559105,31.88801917,29.6
4,2057,50.02667732,7.046325879,136.7051118,33.11485623,31.7
5,2057,59.65111821,8.887859425,46.05910543,33.69776358,31.34632588
6,2057,73.33162939,7.831789137,79.48722045,32.24408946,30.66341853
7,2057,75.99504792,7.180511182,36.08498403,30.4928115,30.4
8,2057,80.27555911,6.446325879,187.5474441,30.02939297,30.4
9,2057,85.54872204,6.473162939,380.2990415,29.6928115,30.86341853
10,2057,74.28769968,6.83658147,467.7950479,29.13913738,29.6
11,2057,45.70958466,9.66341853,60.80702875,28.60495208,26.8
12,2057,28.4485623,11.42923323,0,28.84648562,23.36341853
1,2058,33.52537654,10.98507531,50.57015062,29.58968508,24.1
2,2058,41.45034231,8.275034231,89.58032862,30.19470561,27.7
3,2058,40.21031492,8.254952077,21.45089,33.17462346,30
4,2058,46.265267,7.640027385,13.09958923,34.30460977,31.6
5,2058,62.210178,8.409904153,95.60328617,34.179644,31.54002738
6,2058,77.10013692,7.86485623,46.87959836,32.71967138,30.76499315
7,2058,82.26513008,6.289958923,78.85924236,30.54477408,30.4
8,2058,82.755089,6.240027385,220.8930625,30.37978092,30.5
9,2058,88.12510269,6.070013692,246.6116842,29.64477408,30.76499315
10,2058,74.14518485,7.035006846,232.1651301,29.08480146,30.2
11,2058,48.24030123,9.964993154,5.090506618,27.23486992,26.3
12,2058,26.96038339,12.01506162,0,27.30474669,22.96499315
1,2059,28.44002738,11.56800548,0.736010954,28.76106801,23.8
2,2059,37.67275217,8.267275217,54.40584208,31.46143314,27.7
3,2059,45.23893199,7.765814696,100.2491556,31.55997262,29.6
4,2059,54.90474669,6.533820173,63.3926974,33.79306253,31.6
5,2059,69.66983113,8.131629393,138.1584208,33.16033775,31.53382017
6,2059,65.76910087,8.797444089,2.20397079,32.99415792,30.76654496
7,2059,79.73564582,6.89926974,92.26430853,30.19598357,30.3
8,2059,84.03491556,5.933820173,135.4322227,30.42943861,30.5
9,2059,85.50182565,6.366910087,195.4299407,29.89598357,30.86654496
10,2059,74.10328617,7.133455043,225.2356458,29.22980374,30.2
11,2059,49.37202191,9.466544957,28.87567321,28.76435418,26.6
12,2059,35.67348243,10.60109539,10.6341853,29.8621634,22.96654496
1,2060,33.35467823,10.75093565,4.801871292,29.53245094,23.8
2,2060,33.89516203,8.459516203,12.33135555,30.42816066,27.7
3,2060,40.16754906,8.076677316,97.34742127,33.04532177,30.5
4,2060,48.64422638,7.327612962,13.78580557,34.58151529,31.6
5,2060,69.62948425,7.753354633,165.9135555,33.24103149,31.52761296
6,2060,79.53806481,7.630031949,12.42834322,32.26864445,30.66809676
7,2060,77.20616157,7.208580557,17.46937471,30.74719306,30.4
8,2060,85.31474213,5.727612962,191.2713829,30.5790963,30.6
9,2060,83.97854861,6.663806481,317.1481972,30.14719306,30.86809676
10,2060,74.06138749,7.131903241,403.5061616,29.47480602,29.7
11,2060,54.30374258,8.868096759,136.4608398,28.89383843,27.4
12,2060,34.28658147,10.78712916,3.523322684,27.6195801,22.56809676
1,2061,30.77309448,11.2346189,41.86923779,28.30068462,23.8
2,2061,46.32099498,7.052099498,46.66015518,31.09194432,27.5
3,2061,47.59931538,7.387060703,101.3545869,32.72690552,29.6
4,2061,53.58637608,6.821679598,99.17480602,34.06606572,31.6
5,2061,78.29091739,6.374121406,207.5015518,32.51816522,31.5216796
6,2061,78.20839799,7.761182109,80.54869922,31.53984482,30.7695801
7,2061,82.17797809,6.417480602,22.36686445,30.19614331,30.5
8,2061,86.49545869,5.321679598,162.1911684,30.42656321,30.6
9,2061,85.45629849,6.460839799,161.5832953,29.99614331,30.8695801
10,2061,70.22133729,7.8304199,268.1779781,29.21782291,30.2
11,2061,49.23847558,9.7695801,30.95107257,28.22202191,26.8
12,2061,31.70351438,11.0737791,7.312939297,28.87446372,22.9695801
1,2062,36.99151073,10.41830215,1.93660429,28.2689183,23.2
2,2062,31.24682793,9.844682793,31.98895482,29.55572798,27.7
3,2062,46.1310817,7.797444089,71.66175262,32.80848927,29.5
4,2062,51.02852579,7.115746235,75.96380648,33.95061616,31.4
5,2062,69.55235052,8.094888179,117.2895482,33.19529895,31.51574623
6,2062,76.97873117,7.792332268,0,32.31104518,30.67106344
7,2062,84.54979461,6.326380648,45.86435418,30.64509356,30.6
8,2062,82.67617526,6.215746235,174.0109539,30.57403012,30.6
9,2062,89.23404838,6.157873117,362.1183934,29.74509356,30.77106344
10,2062,70.18128708,7.628936559,142.8497946,29.7608398,30
11,2062,40.47320858,10.57106344,38.34130534,28.45020539,26.7
12,2062,25.42044728,12.36042903,1.902555911,27.52934733,22.77106344
1,2063,29.51243724,12.10248745,0.704974897,26.43505249,23.8
2,2063,36.17494295,9.237494295,29.71994523,30.01754906,27.7
3,2063,44.86494751,8.107507987,66.97485167,32.38756276,29.6
4,2063,49.6724555,7.309995436,72.45006846,33.43256504,31.5
5,2063,63.11497033,8.615015974,43.2994523,33.97005933,31.50999544
6,2063,75.64997718,8.122523962,10.05340027,32.48005477,30.77250114
7,2063,78.32247832,6.835006846,7.823459607,30.49253765,30.4
8,2063,85.15748517,6.009995436,192.5178229,30.42003651,30.6
9,2063,85.41248288,6.454997718,268.7647193,30.19253765,31.07250114
10,2063,74.04246919,7.127498859,375.5224783,29.50253309,30.1
11,2063,55.30994979,8.572501141,191.4349156,29.47752168,26.8
12,2063,35.4399361,10.74748973,3.592492013,28.38254222,22.97250114
1,2064,35.63336376,9.886672752,14.7733455,31.30118667,23.7
2,2064,41.00305796,9.030305796,68.95093565,31.17937015,27.7
3,2064,39.79881333,8.817571885,26.88795071,32.96663624,29.6
4,2064,48.51638521,7.504244637,74.83633044,34.41451392,32.1
5,2064,75.57759014,7.03514377,342.1093565,32.74481972,31.50424464
6,2064,75.62122319,7.852715655,24.93774532,32.44906435,30.77393884
7,2064,73.29516203,7.243633044,26.88256504,31.13998174,30.4
8,2064,83.83879507,5.704244637,172.0246919,30.5660429,30.6
9,2064,85.39091739,6.052122319,291.2110452,30.23998174,30.97393884
10,2064,72.7036513,6.926061159,228.195162,30.04422638,30.5
11,2064,60.24669101,7.973938841,29.62852579,27.30483797,26.7
12,2064,37.85942492,10.23455043,1.382428115,27.63573711,22.97393884
1,2065,29.45303514,10.97060703,2.041214058,28.26837061,23.8
2,2065,47.23003195,7.123003195,146.2808307,31.34217252,27.7
3,2065,48.43162939,7.227795527,12.99808307,32.54696486,29.6
4,2065,52.25942492,6.998402556,55.42396166,33.99776358,31.6
5,2065,71.83961661,7.555591054,189.4083067,33.32076677,31.49840256
6,2065,86.89201278,6.383386581,25.69009585,32.51916933,30.77539936
7,2065,79.56741214,6.452396166,0,30.98817891,30.3
8,2065,80.11980831,5.998402556,147.5380192,31.01277955,30.3
9,2065,85.36900958,6.349201278,298.0517572,30.08817891,30.87539936
10,2065,71.46421725,7.224600639,276.2674121,30.08658147,30.2
11,2065,50.18242812,9.075399361,87.92044728,29.23258786,26.7
12,2065,45.37763578,9.121405751,14.07220447,30.28977636,22.97539936
1,2066,38.07270653,9.554541305,2.109082611,31.13555454,24
2,2066,45.95700593,7.215700593,45.7107257,32.0049749,27.8
3,2066,44.66444546,7.838019169,48.10821543,34.02729347,29.6
4,2066,54.60246463,6.592560475,93.61159288,34.88101324,31.6
5,2066,79.30164309,6.276038339,355.407257,33.19671383,30.89256047
6,2066,78.06280237,7.714057508,61.84244637,32.9892743,30.67685988
7,2066,80.53966225,6.561159288,51.0391602,31.03637608,30.5
8,2066,85.10082154,5.592560475,176.8513464,30.8595162,30.6
9,2066,83.84710178,6.546280237,231.2924692,30.33637608,30.07685988
10,2066,70.1247832,7.623140119,245.9396623,30.32893656,30.2
11,2066,51.31816522,8.976859881,53.91236878,28.96033775,26.9
12,2066,48.99584665,8.508261068,31.86198083,29.94381561,22.97685988
1,2067,51.79363304,7.438726609,11.17745322,28.80168873,23.8
2,2067,41.98512095,8.108512095,11.64171611,30.96679598,27.7
3,2067,40.79831127,8.048083067,14.72131447,33.20636696,29.6
4,2067,50.84639434,7.186809676,80.99785486,34.16296212,31.6
5,2067,72.96426289,6.996166134,184.2171611,33.47147421,31.48680968
6,2067,78.03404838,7.544249201,0,33.35828389,30.67829758
7,2067,79.51234596,6.669785486,0,31.28382017,30.5
8,2067,87.68213145,4.786809676,135.4582154,30.80552259,30.6
9,2067,83.02553628,6.243404838,203.3387951,30.68382017,30.87829758
10,2067,71.48596531,6.921702419,172.012346,29.57062985,29.4
11,2067,48.65490644,9.178297581,35.60597901,28.98765404,26.9
12,2067,31.41533546,10.69532177,0.051916933,27.8970105,22.97829758
1,2068,36.71455956,9.322911912,18.74582382,29.56782291,23.8
2,2068,46.91323597,6.901323597,64.67270653,30.92861707,26.9
3,2068,49.43217709,6.858146965,16.53441351,33.28544044,29.7
4,2068,55.79032405,6.181058877,128.0841168,33.344911,31.3
5,2068,74.2268827,6.91629393,98.22706527,33.4462346,31.48105888
6,2068,76.80529439,7.774440895,63.31113647,32.82729347,30.57973528
7,2068,80.48502967,6.578411684,0,31.53126426,30.4
8,2068,83.76344135,5.481058877,163.2650844,31.25152898,30.8
9,2068,83.00397079,6.340529439,202.6851209,30.93126426,30.87973528
10,2068,68.94714742,7.320264719,134.7850297,30.21232314,30.1
11,2068,42.39164765,9.679735281,22.09958923,29.71497033,26.8
12,2068,27.63482428,10.78238247,2.041853035,30.75020539,22.97973528
1,2069,46.63297581,7.706595162,75.21319032,31.8360566,23.8
2,2069,41.83906892,7.393906892,14.50150616,31.69240073,27.4
3,2069,49.3639434,6.868530351,45.34157919,34.26702419,29.6
4,2069,55.73247376,6.075125513,35.8731173,35.12946143,31.5
5,2069,69.18831584,8.037060703,114.5150616,34.22336832,31.47512551
6,2069,80.47562757,7.705591054,101.3314925,33.29849384,30.78121862
7,2069,85.65684619,5.98731173,36.05486079,30.98021451,30.4
8,2069,81.24415792,6.075125513,114.7848699,31.09899589,30.6
9,2069,85.38172068,6.137562757,331.4202191,30.58021451,30.78121862
10,2069,71.40709722,7.118781378,180.1568462,30.45534003,30.2
11,2069,53.52638065,8.981218622,81.889822,27.94315381,26.8
12,2069,36.25175719,10.66903241,2.631469649,27.805089,22.68121862
1,2070,40.25515746,9.291031492,5.882062985,30.50114103,23.8
2,2070,41.76832497,7.886832497,51.53359197,30.95324053,27.7
3,2070,48.09885897,6.978434505,124.4576449,33.94484254,29.6
4,2070,58.17729347,5.769465997,108.25801,34.31010954,31.5
5,2070,71.65152898,7.35686901,121.6359197,34.19694204,31.469466
6,2070,80.44732999,7.935303514,82.14783204,33.16640803,30.6826335
7,2070,80.42996349,6.495801004,29.44477408,31.22690552,30.4
8,2070,87.62576449,5.769465997,183.1852807,30.94427202,30.6
9,2070,86.66049749,6.034732999,207.6721588,31.02690552,30.8826335
10,2070,75.06889548,6.717366499,266.5299635,29.89637152,30
11,2070,53.46412597,8.482633501,69.88512095,28.57003651,26.8
12,2070,53.67252396,7.856298494,26.7215655,29.55743953,22.9826335
1,2071,31.48110452,9.576220904,1.652441807,28.16307622,22.3
2,2071,43.80100411,8.280100411,76.86896394,30.21113647,27.7
3,2071,46.63692378,7.587859425,38.08261068,32.71889548,27.5
4,2071,58.3247832,6.664080329,70.03879507,34.18685532,30.7
5,2071,74.61652214,7.77571885,156.1896394,33.56695573,30.46408033
6,2071,84.72040164,7.263578275,19.26015518,32.53103606,30.28397992
7,2071,83.50438156,6.103879507,0,30.97133729,29.8
8,2071,82.10826107,6.064080329,213.6663168,30.88735737,29.9
9,2071,79.44030123,6.432040164,221.5409402,30.97133729,30.78397992
10,2071,73.93254222,6.816020082,191.6043816,29.63541762,28.5
11,2071,45.10488361,9.483979918,16.08548608,27.09561844,22.5
12,2071,46.3971246,8.844180739,4.712140575,29.20725696,23.18397992
1,2072,23.40830671,10.66166134,0.623322684,28.72396166,20.6
2,2072,47.03482428,6.973482428,58.40543131,31.46805112,28.3
3,2072,41.87603834,7.897124601,62.11054313,32.69169329,27.3
4,2072,54.67316294,5.758785942,137.6182109,33.46230032,31.2
5,2072,60.28210863,8.394249201,2.154313099,35.03578275,30.85878594
6,2072,76.69392971,8.291373802,12.90447284,33.09456869,30.48530351
7,2072,85.67923323,6.211821086,0,31.71501597,30.2
8,2072,83.79105431,5.758785942,135.6408946,31.12971246,30
9,2072,81.82044728,6.229392971,235.4153355,30.71501597,30.88530351
10,2072,65.39680511,7.914696486,185.4792332,30.87380192,31.3
11,2072,68.84664537,7.785303514,177.5875399,29.62076677,30.4
12,2072,43.22300319,8.832268371,11.4028754,29.55623003,25.88530351
1,2073,31.93676403,9.647352807,6.694705614,30.38379735,25.4
2,2073,40.36978549,8.066978549,1.842994067,32.32398448,29.2
3,2073,54.21620265,6.906230032,37.54144226,34.26323597,31.3
4,2073,46.72243268,6.353582839,31.59625742,35.43644455,32.4
5,2073,69.04828845,8.012460064,98.52994067,34.50342309,31.55358284
6,2073,80.76791419,7.818690096,0,33.65700593,31.48660429
7,2073,83.95451848,6.519625742,4.284208124,31.95794158,31
8,2073,88.97414423,5.553582839,111.0090141,31.47133729,30.8
9,2073,89.10093565,6.326791419,257.5953446,30.65794158,30.78660429
10,2073,67.46168416,7.61339571,169.3545185,30.11152442,29
11,2073,63.38941123,8.38660429,125.1912825,27.84548152,25.7
12,2073,37.85015974,9.820561387,4.293769968,27.80435874,20.68660429
1,2074,41.26396623,9.532793245,19.26558649,29.24468279,24.3
2,2074,42.90360566,7.360360566,23.77946143,30.48089913,25.2
3,2074,56.65531721,7.015495208,74.56937471,32.83603377,28.2
4,2074,59.67081241,5.848288453,135.4756732,33.91188955,31
5,2074,82.91387494,7.030990415,139.8946143,33.37225011,30.44828845
6,2074,79.34144226,7.646485623,0,33.02053857,29.88792789
7,2074,74.62937015,7.127567321,0,31.40162026,29.2
8,2074,88.55693747,5.348288453,159.083592,31.21369238,30.4
9,2074,75.6810817,7.024144226,149.3697398,31.30162026,30.08792789
10,2074,74.42594706,6.712072113,408.5293702,30.24990872,30.2
11,2074,56.83117298,8.787927887,173.0933364,28.77062985,26.8
12,2074,39.07603834,9.508649019,1.384504792,29.45333181,23.48792789
1,2075,59.79242355,7.51848471,109.9369694,30.40451848,24.9
2,2075,45.33856686,6.753856686,23.61702419,31.9368325,27.3
3,2075,55.19548152,6.524600639,100.9002738,34.10757645,30.8
4,2075,58.62008215,5.843085349,44.95371976,35.28603377,31.4
5,2075,75.98005477,7.349201278,113.6702419,33.93989046,30.54308535
6,2075,87.71542675,6.773801917,22.60141488,32.88297581,30.28922866
7,2075,81.80465541,7.035371976,1.04130534,31.44454587,29.7
8,2075,89.84002738,5.143085349,228.6517115,31.25531721,30.3
9,2075,83.66157006,6.521542675,179.749749,31.04454587,30.98922866
10,2075,70.59082611,6.910771337,221.7046554,30.38763122,29.4
11,2075,54.37393884,9.289228663,44.49707896,28.69534459,25.9
12,2075,37.10319489,9.696942036,17.57539936,27.20146052,22.98922866
1,2076,31.22213601,11.5044272,19.7088544,28.56330443,20
2,2076,54.9746691,6.04746691,23.65568234,31.39178457,27.7
3,2076,51.23669557,6.933546326,61.23413966,33.37786399,28.5
4,2076,54.4702419,6.437973528,62.63039708,35.15887723,30.5
5,2076,78.34682793,6.567092652,217.0568234,33.50634414,30.43797353
6,2076,74.28986764,8.000638978,0,33.54431766,29.59050662
7,2076,81.88037426,6.743039708,77.01606572,31.28671839,29.6
8,2076,88.62341397,5.637973528,196.8133729,31.09621178,29.9
9,2076,79.54240073,6.418986764,194.735372,31.08671839,29.99050662
10,2076,78.55632131,7.409493382,265.2803743,30.72469192,30.8
11,2076,59.41770881,8.890506618,114.5025103,27.71962574,25
12,2076,44.13162939,10.38544044,3.166453674,29.44874487,23.09050662
1,2077,45.75059334,8.890118667,30.28023733,31.02314012,24.3
2,2077,44.40963031,8.140963031,34.19324509,30.74771794,23.3
3,2077,48.87685988,7.242651757,10.6650388,33.64940666,27.3
4,2077,54.61951164,6.232770424,38.10844363,35.33302145,30.1
5,2077,72.11300776,7.885303514,149.0324509,34.27398448,30.33277042
6,2077,71.96385212,8.927955272,0,34.50675491,30.29180739
7,2077,84.65565952,6.850844363,0,31.829644,30.7
8,2077,81.90650388,5.732770424,125.3814925,31.7378366,30.2
9,2077,86.82288909,6.416385212,227.2153811,31.229644,30.59180739
10,2077,65.32120037,8.208192606,130.0556595,31.36241442,30.4
11,2077,46.16047467,9.691807394,57.50625285,28.94434048,25.2
12,2077,36.25878594,10.67373346,6.057348243,30.09687357,23.59180739
1,2078,48.9803058,8.076061159,23.95212232,31.78192606,25.9
2,2078,58.94573254,6.034573254,84.33190324,31.80267001,27.9
3,2078,51.41807394,6.851597444,1.89890461,35.0196942,30.4
4,2078,58.06967138,6.127658603,50.98512095,35.7058649,31.4
5,2078,77.77978092,7.603194888,207.3190324,34.44043816,31.7276586
6,2078,84.53829302,7.654792332,45.69434048,33.66809676,31.09308535
7,2078,86.63137837,6.458512095,0,31.77181652,30.9
8,2078,89.78989046,4.727658603,123.2431538,31.47873117,30.2
9,2078,89.50371976,6.113829302,221.2010041,30.97181652,30.69308535
10,2078,66.78669557,7.806914651,147.1313784,30.79947513,28.7
11,2078,48.80424464,9.693085349,2.011684162,29.26862163,25.8
12,2078,33.98722045,10.46223186,0.648402556,30.14415792,22.29308535
1,2079,39.10876312,8.761752624,30.72350525,32.24176175,26.5
2,2079,43.08069375,7.528069375,3.469465997,32.95860338,28.1
3,2079,39.95823825,7.860702875,0,35.59123688,29.6
4,2079,57.81894112,6.7224555,67.2631675,36.08000913,31
5,2079,73.04596075,7.821405751,126.49466,35.2080785,31.2224555
6,2079,86.7122775,7.382108626,105.5706527,33.830534,31.59438613
7,2079,78.60666362,6.56631675,10.47873117,32.21474213,30.7
8,2079,81.37298037,5.2224555,111.2112734,32.020356,30.3
9,2079,84.28420812,6.91122775,254.8810132,31.81474213,31.19438613
10,2079,45.35157462,9.205613875,31.30666362,30.93719763,27.5
11,2079,37.1470105,11.09438613,26.61542675,29.29333638,23.5
12,2079,31.814377,11.25052487,0.539297125,29.99228663,21.49438613
1,2080,28.34098585,10.84819717,0,30.8984482,22.7
2,2080,36.51907805,7.621907805,24.41031492,32.61159288,26.7
3,2080,47.3015518,7.369329073,26.56960292,35.05901415,30.4
4,2080,51.17088088,6.117526244,77.63710634,36.35025103,31.9
5,2080,71.31392058,7.738658147,73.10314925,35.87215883,31.51752624
6,2080,88.98763122,7.70798722,135.6429484,33.58968508,30.79561844
7,2080,79.58324966,6.373710634,26.81510726,32.15540849,30.7
8,2080,81.55696029,5.917526244,170.1600183,31.75979005,30.4
9,2080,86.36572341,6.408763122,211.677864,31.15540849,30.59561844
10,2080,78.11830215,7.104381561,293.3832497,30.67293473,30.8
11,2080,56.89278868,8.995618439,44.42423551,29.21675034,27.3
12,2080,38.44536741,10.63943405,0.930670927,29.83788225,23.59561844
1,2081,39.77446372,11.03489274,0,29.45408489,21.3
2,2081,40.15860338,8.115860338,74.75225924,31.7636011,27.2
3,2081,45.74591511,7.177795527,30.01236878,33.82553628,29.7
4,2081,61.22371063,6.01268827,102.6096759,34.31919215,30.8
5,2081,76.38247376,7.455591054,211.7225924,33.63505249,31.01268827
6,2081,86.26344135,7.033386581,10.6472387,32.94774076,30.79682793
7,2081,86.86026928,6.580967595,0,31.09532177,30.3
8,2081,85.14123688,5.11268827,160.3023049,31.19849384,30.4
9,2081,82.74758101,7.006344135,198.6803286,30.99532177,30.79682793
10,2081,75.08564582,7.403172068,221.7602693,30.50801004,30.8
11,2081,71.53957097,8.296827932,206.034733,28.63973072,28.5
12,2081,36.47763578,10.52854861,0.622204473,27.9826335,21.09682793
1,2082,22.51170698,11.0223414,0,29.40657234,21.2
2,2082,44.7015518,6.61015518,48.29748973,32.11266545,29
3,2082,45.89342766,6.585782748,46.46403469,34.28829302,30.2
4,2082,55.77921041,6.308124144,131.2781378,34.18423094,30.7
5,2082,67.85280694,7.571565495,140.7748973,34.49438613,31.20812414
6,2082,86.24062072,7.357348243,29.84751255,33.00251027,30.39796896
7,2082,80.83858969,6.387813784,20.54189868,31.23297581,29.9
8,2082,89.42640347,4.808124144,199.0252168,30.73500685,30.2
9,2082,89.53046554,5.604062072,169.9996349,30.53297581,30.29796896
10,2082,68.35483797,8.102031036,235.4385897,30.54109995,30.6
11,2082,47.98936559,9.597968964,76.15029667,30.26141031,29.4
12,2082,32.41373802,11.21827932,9.914217252,27.92485167,21.19796896
1,2083,32.15271565,9.910543131,0,29.95591054,22.4
2,2083,41.84792332,6.904792332,4.74600639,32.35878594,29.1
3,2083,43.04408946,7.393290735,18.42460064,34.44728435,29.8
4,2083,42.83738019,6.103833866,20.84249201,36.34536741,31.7
5,2083,67.12492013,7.78658147,114.5600639,35.05015974,30.80383387
6,2083,75.11916933,7.679872204,0,33.75399361,31.09904153
7,2083,74.41821086,6.894249201,30.39392971,31.76837061,31
8,2083,87.51246006,5.303833866,184.928754,31.16932907,31.2
9,2083,82.814377,6.401916933,304.6357827,30.86837061,31.09904153
10,2083,80.42587859,6.500958466,298.8182109,29.97220447,30.7
11,2083,52.44217252,8.499041534,180.8709265,27.68178914,25.5
12,2083,36.95367412,9.008626198,21.40670927,29.06453674,23.09904153
1,2084,38.69246919,8.798493838,9.196987677,29.50629849,22.9
2,2084,45.89315381,6.799315381,16.69342766,32.10588772,27.5
3,2084,42.79370151,7.900958466,32.08219991,34.10753081,28.7
4,2084,61.19465997,5.999452305,90.30821543,35.50780466,32
5,2084,74.89643998,7.601916933,182.6342766,34.00712004,31.0994523
6,2084,84.09726152,7.102875399,8.808032862,33.20657234,30.10013692
7,2084,77.09739845,7.100821543,0,31.50451848,29.8
8,2084,87.79821999,4.899452305,182.2387494,31.40438156,30.3
9,2084,80.79794614,6.799726152,220.2663168,30.60451848,30.30013692
10,2084,66.29630306,7.699863076,208.8973984,30.00397079,28.3
11,2084,44.69397535,9.400136924,39.28986764,28.90260155,26.5
12,2084,39.39233227,9.998767686,3.999041534,29.60506618,23.00013692
1,2085,31.83347786,9.586695573,26.97339115,30.6556367,24.1
2,2085,44.93952533,6.693952533,30.74194432,32.75200822,29.5
3,2085,49.0443633,7.408466454,70.74276586,34.36652214,28.6
4,2085,55.55282976,6.095162026,88.7725696,34.96894112,31.5
5,2085,72.56855317,7.316932907,137.1194432,33.76289366,30.79516203
6,2085,86.97581013,6.725399361,0,33.15805568,30.00120949
7,2085,79.67701963,6.40725696,0,30.83991328,29.5
8,2085,86.38427659,5.095162026,122.5422866,31.43870379,29.6
9,2085,84.8818576,6.197581013,264.4024646,30.73991328,30.10120949
10,2085,71.56734368,6.898790507,259.4770196,30.13507531,29.9
11,2085,57.44678229,8.301209493,51.41049749,29.42298037,28.7
12,2085,24.93226837,10.18911456,1.191533546,29.44475126,22.40120949
1,2086,33.8732314,9.77464628,0,29.00602465,20.1
2,2086,35.48475582,7.388475582,8.289365586,31.69911,26.8
3,2086,39.79397535,7.916134185,0,33.7267686,26.3
4,2086,58.11010954,5.990780466,82.23829302,35.23137837,30.6
5,2086,72.34007303,6.432268371,304.4936559,34.01985395,30.69078047
6,2086,77.05390233,7.848402556,0,33.91063441,30.30230488
7,2086,80.75620721,6.713829302,0,31.27606116,29.8
8,2086,86.07003651,5.090780466,163.8522821,31.67375628,29.9
9,2086,77.66542675,6.595390233,259.8329986,31.07606116,30.40230488
10,2086,77.53776814,7.097695116,301.7562072,30.46684162,30.8
11,2086,55.49858512,8.702304884,126.3294386,29.04379279,26.2
12,2086,32.07092652,9.479256047,16.48386581,29.28528069,23.20230488
1,2087,36.81549521,9.163099042,0,30.4543131,22
2,2087,35.83226837,7.183226837,21.33897764,31.9442492,26.9
3,2087,48.9456869,7.523482428,38.36389776,34.28450479,28.8
4,2087,50.66916933,6.58658147,50.90127796,35.59121406,30.9
5,2087,68.21277955,7.946964856,85.98977636,34.87444089,31.38658147
6,2087,74.53290735,7.870447284,61.99680511,34.16102236,31.60335463
7,2087,75.23626198,6.720127796,0,32.31070288,30.2
8,2087,76.85638978,6.08658147,97.74936102,32.20734824,31
9,2087,80.94968051,6.593290735,272.1747604,31.11070288,31.20335463
10,2087,62.40942492,7.696645367,144.036262,30.99728435,30.3
11,2087,67.05239617,7.903354633,240.1517572,29.66373802,30
12,2087,28.41214058,9.969808307,1.576517572,27.52412141,20.50335463
1,2088,32.65775901,9.651551803,0,31.00260155,23.5
2,2088,55.27978092,6.577978092,20.78858969,32.38938841,28.9
3,2088,45.99739845,6.730830671,5.027430397,35.04224099,30.3
4,2088,62.02822912,5.782382474,126.3642629,35.35104975,32.1
5,2088,73.48548608,6.861661342,234.7858969,34.22902784,31.48238247
6,2088,77.21191237,7.992492013,4.825057052,33.71141031,30.00440438
7,2088,75.61631675,7.126426289,34.55408489,31.84534459,30.4
8,2088,85.04274304,5.882382474,200.04644,31.54094021,30.7
9,2088,76.13393428,6.691191237,283.0165221,31.44534459,30.90440438
10,2088,75.0810817,6.595595618,338.2163168,30.02772707,29.1
11,2088,62.00620721,8.404404382,1.674075764,27.88368325,23.5
12,2088,32.55335463,10.26036057,1.769169329,28.86296212,21.00440438
1,2089,45.50002282,7.940004564,34.78000913,31.75089,26
2,2089,44.92729347,6.972729347,23.53820173,31.83452761,28
3,2089,47.94911,7.638178914,86.39096303,33.89997718,27.9
4,2089,44.58728891,6.278183478,35.92724783,36.21088544,31.1
5,2089,75.45819261,7.676357827,169.7820173,34.48361479,29.87818348
6,2089,76.79091739,8.214536741,0,33.56179827,29.80545413
7,2089,77.79637152,6.732724783,8.936923779,31.87998631,29.9
8,2089,81.1290963,5.678183478,181.6435189,31.57453218,30
9,2089,81.71818804,6.689091739,179.3582839,31.17998631,30.30545413
10,2089,64.05273848,7.294545869,298.5963715,30.55816979,29.8
11,2089,44.46001826,9.005454131,73.09639434,28.90362848,25.8
12,2089,21.89456869,11.15091283,3.161821086,29.00180283,22.60545413
1,2090,35.24228663,8.728457325,0.856914651,31.39917846,25.2
2,2090,41.17480602,7.067480602,27.28781378,32.67966682,28
3,2090,49.20082154,7.045527157,146.3544957,34.05771337,29.2
4,2090,52.8463487,6.673984482,60.19023277,36.17072113,31.2
5,2090,73.73089913,7.491054313,151.1781378,34.63820173,31.37398448
6,2090,82.66992241,7.73658147,0,34.21218622,30.30650388
7,2090,74.27642629,7.139023277,0,32.01462802,29.1
8,2090,83.11544957,5.773984482,141.5405979,31.90812414,29.6
9,2090,81.60244181,6.686992241,224.5000456,31.41462802,30.10650388
10,2090,70.22439525,7.09349612,366.2764263,30.58861251,30.3
11,2090,51.5138293,8.90650388,77.41871292,28.92357371,27.2
12,2090,28.33578275,10.24146508,2.054472843,29.84064354,23.90650388
1,2091,35.68455043,9.116910087,0.233820173,32.14746691,25.4
2,2091,33.02231858,8.662231858,17.33742583,32.92480602,25.9
3,2091,46.05253309,7.152875399,15.4180283,35.91544957,30.2
4,2091,47.80540849,6.369785486,56.85321771,36.73055682,30.3
5,2091,70.00360566,8.205750799,128.7742583,35.79278868,31.16978549
6,2091,82.84892743,8.058626198,0,34.46257417,30.00755363
7,2091,85.45648106,6.745321771,0,32.14926974,30.1
8,2091,87.40180283,4.969785486,159.6376769,31.54171611,30.3
9,2091,83.08669557,6.084892743,194.0418074,31.64926974,30.90755363
10,2091,70.19605203,7.192446372,250.6564811,30.91905523,29.3
11,2091,36.66764035,10.10755363,52.84103149,29.14351894,25.6
12,2091,34.87699681,9.732017344,6.047124601,30.47948425,23.00755363
1,2092,37.02681424,8.905362848,21.3107257,30.89575536,22.7
2,2092,41.26983113,7.556983113,35.48703788,32.46994523,27.2
3,2092,30.70424464,8.160223642,0,35.57318576,28.8
4,2092,39.76446828,7.56558649,24.41620265,37.29039251,30.6
5,2092,68.27631219,9.120447284,34.07037882,36.24737563,30.36558649
6,2092,84.72793245,8.980670927,0,34.91296212,30.50860338
7,2092,78.13653583,6.951620265,0,32.38391146,30
8,2092,88.18815609,5.96558649,177.9347558,32.17530808,30.5
9,2092,80.27094934,6.682793245,158.9835691,32.08391146,30.50860338
10,2092,82.76770881,6.591396623,295.7365358,30.34949795,28.8
11,2092,46.42145139,9.008603377,2.763350068,28.36346417,24.3
12,2092,42.81821086,9.322569603,23.23977636,30.41832497,24.70860338
1,2093,36.37284345,9.79456869,29.28913738,30.54089457,23.5
2,2093,39.42076677,8.452076677,13.2399361,31.81214058,25.1
3,2093,54.05910543,7.467092652,170.9539936,34.82715655,30.3
4,2093,49.92619808,7.161661342,50.57507987,35.84632588,31
5,2093,70.45079872,8.334185304,66.29936102,35.99840256,30.76166134
6,2093,79.50830671,8.701277955,0,34.9600639,30.80958466
7,2093,74.51789137,7.057507987,0,32.71629393,30.1
8,2093,87.27539936,5.461661342,202.9124601,31.90670927,30.3
9,2093,84.65623003,6.380830671,214.8421725,31.81629393,30.70958466
10,2093,69.24121406,7.790415335,215.5178914,31.27795527,30.2
11,2093,44.27827476,9.809584665,6.990734824,29.38210863,25.8
12,2093,39.26325879,10.41373802,3.532907348,29.75463259,21.30958466
1,2094,30.31887266,10.38377453,0,31.18603377,23.7
2,2094,49.37170242,7.447170242,36.09283432,33.75433592,29.7
3,2094,57.81396623,7.373961661,87.72642629,34.68112734,28.8
4,2094,50.28792789,6.957736194,91.8339571,36.80225924,31.7
5,2094,72.52528526,7.847923323,128.6283432,35.24942948,31.95773619
6,2094,88.78868097,8.121884984,31.98653583,34.00716568,31.01056595
7,2094,84.69924692,6.76339571,0,32.0486764,30.7
8,2094,86.36264263,5.757736194,180.6901643,31.93811045,30.6
9,2094,83.14151073,5.778868097,247.1007759,31.8486764,30.61056595
10,2094,55.11471931,7.389434048,113.3992469,30.5064126,27.7
11,2094,34.03509813,8.910565952,80.91811958,29.00075308,26.1
12,2094,27.80830671,10.70490644,5.026038339,31.29094021,24.51056595
1,2095,29.36490187,10.07298037,17.34596075,30.53117298,22.4
2,2095,28.22263806,7.642263806,21.64573254,31.79653126,26.4
3,2095,45.76882702,8.080830671,92.09885897,34.73509813,30.1
4,2095,47.24965769,6.253811045,26.79283432,36.35819261,32.9
5,2095,66.19977179,7.761661342,133.2573254,35.70045641,32.25381105
6,2095,76.86905523,8.442492013,0,35.15426746,31.81154724
7,2095,79.48060246,7.069283432,0,32.38105888,31.3
8,2095,87.4498859,5.553811045,310.6678686,31.96951164,31.8
9,2095,86.22679142,6.376905523,312.9593793,31.58105888,32.01154724
10,2095,70.18822455,7.688452761,235.7806025,31.13486992,31.8
11,2095,50.0919215,9.211547239,21.84550434,29.61939754,26.8
12,2095,33.15335463,9.896074852,9.019169329,29.72724783,21.21154724
1,2096,34.81344135,10.26268827,0,31.07421269,24.2
2,2096,29.87585577,7.237585577,80.60082154,31.63676403,26.2
3,2096,32.02578731,7.687380192,0,34.88655865,29.9
4,2096,55.1131675,6.950068462,158.9489731,35.71152442,31.9
5,2096,71.275445,7.774760383,150.0082154,34.64911,31.85006846
6,2096,76.05034231,7.862140575,0,34.29917846,31.21248288
7,2096,80.66282519,6.774897307,0,32.01193519,30.8
8,2096,82.1377225,5.350068462,97.43265632,32.0994523,31.1
9,2096,86.01275673,5.575034231,282.3292104,31.21193519,31.81248288
10,2096,69.86296212,6.987517115,180.1628252,31.26200365,30.8
11,2096,61.65075308,8.312482885,192.4762665,29.43717481,28.5
12,2096,35.10095847,9.587654039,2.812619808,29.06186673,22.91248288
1,2097,35.36198083,10.15239617,6.304792332,30.1172524,22.8
2,2097,46.82907348,7.232907348,83.95591054,32.67699681,28.3
3,2097,39.8827476,7.593929712,59.35559105,35.13801917,30.2
4,2097,49.07667732,6.646325879,86.60511182,35.36485623,30.6
5,2097,67.15111821,8.387859425,81.65910543,35.69776358,31.14632588
6,2097,61.23162939,9.181789137,0,35.04408946,30.21341853
7,2097,94.14504792,6.180511182,0,32.2428115,30.4
8,2097,82.12555911,5.646325879,144.5974441,32.42939297,30.7
9,2097,96.69872204,6.473162939,261.9990415,31.6428115,31.11341853
10,2097,62.73769968,7.28658147,162.1450479,31.58913738,31.2
11,2097,56.00958466,9.71341853,37.50702875,30.25495208,28.2
12,2097,26.5485623,10.27923323,2.906070288,31.89648562,26.31341853
1,2098,28.71177545,8.842355089,77.28471018,32.65924236,27.2
2,2098,42.28343222,7.428343222,77.01209493,34.01624829,32.1
3,2098,40.34075764,7.900319489,0,36.38822455,31.7
4,2098,50.84107713,6.242674578,62.25988133,37.21688727,33.4
5,2098,60.22738476,8.800638978,149.7209493,36.44523049,32.64267458
6,2098,72.51337289,9.000958466,4.707439525,34.58790507,32.41433136
7,2098,70.52770424,7.485988133,0,32.67293473,32.4
8,2098,76.91369238,6.042674578,187.1557736,32.35860338,31.9
9,2098,84.68502967,6.371337289,323.9744865,31.57293473,32.01433136
10,2098,74.5130534,7.785668644,175.5277042,31.71560931,31.6
11,2098,53.66942036,8.914331356,144.8394797,29.57229576,30.2
12,2098,45.99744409,9.1710178,5.799680511,30.33026016,24.71433136
1,2099,44.26157006,7.832314012,34.96462802,30.90123231,24.4
2,2099,45.93779096,7.423779096,50.66827932,32.65549977,27.7
3,2099,47.19876769,7.006709265,100.6182565,35.13842994,30
4,2099,72.20547695,4.539023277,98.41465084,35.1689183,32.6
5,2099,86.6036513,7.21341853,281.5827932,33.9926974,31.43902328
6,2099,78.39511639,8.920127796,22.8276586,33.73172068,31.01524418
7,2099,77.21036057,6.291465084,0,32.20305796,30.6
8,2099,81.00182565,6.439023277,107.0141031,31.98781378,30.6
9,2099,74.57133729,6.969511639,187.2499315,31.70305796,30.91524418
10,2099,73.18840712,7.284755819,311.2103606,30.94208124,30.5
11,2099,57.02925605,8.415244181,144.9719306,28.98963943,27.6
12,2099,52.24632588,8.862802373,4.093290735,27.76403469,19.41524418
1,2100,41.01261981,8.922523962,48.54504792,31.54217252,25
2,2100,44.69329073,8.119329073,39.62555911,32.19376997,26.3
3,2100,49.25782748,8.712939297,29.90255591,35.18738019,29.9
4,2100,64.57076677,5.335463259,195.7680511,35.41964856,32.9
5,2100,75.48051118,7.525878594,170.2555911,35.03897764,32.03546326
6,2100,81.07731629,8.038817891,48.8798722,33.87444089,31.11613419
7,2100,81.59345048,6.496805112,8.41884984,31.83242812,30.8
8,2100,80.89025559,5.435463259,179.9659744,32.11629393,30.6
9,2100,86.75798722,6.467731629,155.7309904,31.73242812,30.71613419
10,2100,78.864377,6.883865815,281.4934505,31.06789137,31.3
11,2100,57.59009585,9.716134185,29.60607029,29.00654952,24.6
12,2100,39.99648562,9.254792332,8.587060703,31.49696486,25.61613419
